event_key,category,agg_label
20260222_dep|cam.09.00000-2026-02-22T15|m0-m1|70955,aggression,1
20260222_dep|cam.09.00000-2026-02-22T15|m1-m2|43806,aggression,1
20260222_dep|cam.09.00000-2026-02-22T15|m1-m2|48143,mlp_fp,0
20260222_dep|cam.09.00000-2026-02-22T15|m0-m1|50411,double_ledge,0
20260222_dep|cam.09.00000-2026-02-22T15|m0-m2|14217,grooming,0
20260222_dep|cam.09.00001-2026-02-22T15|m0-m1|24684,,0
20260222_dep|cam.09.00002-2026-02-22T15|m0-m2|61301,aggression,1
20260222_dep|cam.09.00002-2026-02-22T15|m0-m1|78889,mlp_fp,0
20260222_dep|cam.09.00002-2026-02-22T15|m1-m2|37998,,0
20260222_dep|cam.09.00005-2026-02-22T15|m1-m2|29223,,0
20260222_dep|cam.09.00006-2026-02-22T15|m1-m2|84403,aggression,1
20260222_dep|cam.09.00006-2026-02-22T15|m0-m1|35374,mlp_fp,0
20260222_dep|cam.09.00007-2026-02-22T15|m0-m2|2044,aggression,1
20260222_dep|cam.09.00011-2026-02-22T15|m1-m2|22696,double_ledge,0
20260222_dep|cam.09.00048-2026-02-22T15|m0-m2|12138,mlp_fp,0
20260222_dep|cam.09.00051-2026-02-22T15|m1-m2|33481,mlp_fp,0
20260222_dep|cam.09.00052-2026-02-22T15|m1-m2|53600,mlp_fp,0
20260222_dep|cam.09.00055-2026-02-22T15|m1-m2|61918,,0
20260222_dep|cam.09.00058-2026-02-22T15|m1-m2|47891,aggression,1
20260222_dep|cam.09.00058-2026-02-22T15|m0-m2|75319,aggression,1
20260222_dep|cam.09.00058-2026-02-22T15|m1-m2|79859,aggression,1
20260222_dep|cam.09.00058-2026-02-22T15|m0-m2|68102,mlp_fp,0
20260222_dep|cam.09.00059-2026-02-22T15|m0-m2|31472,double_ledge,0
20260222_dep|cam.09.00083-2026-02-22T15|m0-m1|51660,aggression,1
20260222_dep|cam.09.00093-2026-02-22T15|m0-m2|15930,aggression,1
20260222_dep|cam.09.00093-2026-02-22T15|m0-m1|40541,bystander_ledge,0
20260222_dep|cam.09.00095-2026-02-22T15|m0-m1|80478,bystander_ledge,0
20260222_dep|cam.09.00097-2026-02-22T15|m1-m2|41538,aggression,1
20260222_dep|cam.09.00100-2026-02-22T15|m1-m2|13845,,0
20260222_dep|cam.09.00100-2026-02-22T15|m0-m2|58109,,0
20260222_dep|cam.09.00102-2026-02-22T15|m0-m1|46610,,0
20260222_dep|cam.09.00104-2026-02-22T15|m1-m2|11295,,0
20260222_dep|cam.09.00142-2026-02-22T15|m0-m1|44273,aggression,1
20260222_dep|cam.09.00144-2026-02-22T15|m1-m2|58022,side_kissing,0
20260222_dep|cam.09.00144-2026-02-22T15|m0-m2|44639,,0
20260222_dep|cam.09.00149-2026-02-22T15|m1-m2|18883,,0
20260222_dep|cam.09.00154-2026-02-22T15|m0-m1|9095,anogenital,0
20260222_dep|cam.09.00154-2026-02-22T15|m0-m1|56137,double_ledge,0
20260222_dep|cam.09.00154-2026-02-22T15|m0-m2|73982,side_kissing,0
20260222_dep|cam.09.00191-2026-02-22T15|m0-m2|1233,anogenital,0
20260222_dep|cam.09.00191-2026-02-22T15|m0-m2|60998,double_ledge,0
20260222_dep|cam.09.00192-2026-02-22T15|m0-m2|15519,,0
20260222_dep|cam.09.00196-2026-02-22T15|m0-m1|4662,double_ledge,0
20260222_dep|cam.09.00198-2026-02-22T15|m0-m1|53963,mlp_fp,0
20260222_dep|cam.09.00234-2026-02-22T15|m0-m1|2859,grooming,0
20260222_dep|cam.09.00235-2026-02-22T15|m1-m2|42165,,0
20260222_dep|cam.09.00236-2026-02-22T15|m1-m2|66606,,0
20260222_dep|cam.09.00239-2026-02-22T15|m1-m2|63944,,0
20260222_dep|cam.09.00240-2026-02-22T15|m0-m2|83725,bystander_ledge,0
20260222_dep|cam.09.00241-2026-02-22T15|m1-m2|88864,aggression,1
20260222_dep|cam.09.00241-2026-02-22T15|m0-m2|63258,mlp_fp,0
20260222_dep|cam.09.00242-2026-02-22T15|m0-m2|55231,,0
20260222_dep|cam.09.00249-2026-02-22T15|m1-m2|73754,,0
20260222_dep|cam.09.00289-2026-02-22T15|m0-m2|55330,,0
20260222_dep|cam.09.00333-2026-02-22T15|m1-m2|25693,bystander_ledge,0
20260222_dep|cam.09.00335-2026-02-22T15|m1-m2|37269,,0
20260222_dep|cam.09.00346-2026-02-22T15|m0-m1|19018,,0
20260222_dep|cam.09.00347-2026-02-22T15|m0-m2|10533,,0
20260222_dep|cam.10.00000-2026-02-22T15|m0-m2|85777,bystander_ledge,0
20260222_dep|cam.10.00000-2026-02-22T15|m0-m1|71402,,0
20260222_dep|cam.10.00001-2026-02-22T15|m0-m1|59517,,0
20260222_dep|cam.10.00002-2026-02-22T15|m1-m2|40477,aggression,1
20260222_dep|cam.10.00002-2026-02-22T15|m0-m1|77689,mlp_fp,0
20260222_dep|cam.10.00002-2026-02-22T15|m0-m1|10736,mlp_fp,0
20260222_dep|cam.10.00003-2026-02-22T15|m0-m1|65050,aggression,1
20260222_dep|cam.10.00003-2026-02-22T15|m1-m2|34317,aggression,1
20260222_dep|cam.10.00009-2026-02-22T15|m0-m2|38461,aggression,1
20260222_dep|cam.10.00010-2026-02-22T15|m0-m1|58984,bystander_ledge,0
20260222_dep|cam.10.00038-2026-02-22T15|m1-m2|50612,,0
20260222_dep|cam.10.00042-2026-02-22T15|m1-m2|77370,grooming,0
20260222_dep|cam.10.00043-2026-02-22T15|m0-m1|73811,aggression,1
20260222_dep|cam.10.00043-2026-02-22T15|m1-m2|84040,,0
20260222_dep|cam.10.00046-2026-02-22T15|m0-m1|16376,bystander_ledge,0
20260222_dep|cam.10.00048-2026-02-22T15|m0-m2|50446,mlp_fp,0
20260222_dep|cam.10.00048-2026-02-22T15|m0-m2|87949,side_kissing,0
20260222_dep|cam.10.00048-2026-02-22T15|m0-m1|40601,bystander_ledge,0
20260222_dep|cam.10.00049-2026-02-22T15|m0-m1|72142,aggression,1
20260222_dep|cam.10.00049-2026-02-22T15|m0-m2|74445,anogenital,0
20260222_dep|cam.10.00052-2026-02-22T15|m0-m2|81649,mlp_fp,0
20260222_dep|cam.10.00052-2026-02-22T15|m0-m2|42563,,0
20260222_dep|cam.10.00054-2026-02-22T15|m0-m2|88309,aggression,1
20260222_dep|cam.10.00058-2026-02-22T15|m1-m2|46519,mlp_fp,0
20260222_dep|cam.10.00059-2026-02-22T15|m0-m2|38208,mlp_fp,0
20260222_dep|cam.10.00088-2026-02-22T15|m1-m2|11422,mlp_fp,0
20260222_dep|cam.10.00091-2026-02-22T15|m0-m1|44525,,0
20260222_dep|cam.10.00092-2026-02-22T15|m0-m1|36818,,0
20260222_dep|cam.10.00094-2026-02-22T15|m0-m2|9350,aggression,1
20260222_dep|cam.10.00094-2026-02-22T15|m0-m1|31044,,0
20260222_dep|cam.10.00095-2026-02-22T15|m0-m2|84097,mlp_fp,0
20260222_dep|cam.10.00095-2026-02-22T15|m0-m1|34518,bystander_ledge,0
20260222_dep|cam.10.00097-2026-02-22T15|m0-m1|72670,aggression,1
20260222_dep|cam.10.00097-2026-02-22T15|m0-m2|39064,double_ledge,0
20260222_dep|cam.10.00103-2026-02-22T15|m0-m2|49201,,0
20260222_dep|cam.10.00106-2026-02-22T15|m0-m2|24286,bystander_ledge,0
20260222_dep|cam.10.00141-2026-02-22T15|m0-m2|51484,bystander_ledge,0
20260222_dep|cam.10.00142-2026-02-22T15|m1-m2|23273,,0
20260222_dep|cam.10.00143-2026-02-22T15|m0-m1|3071,aggression,1
20260222_dep|cam.10.00145-2026-02-22T15|m0-m1|87159,aggression,1
20260222_dep|cam.10.00145-2026-02-22T15|m0-m2|44645,bystander_ledge,0
20260222_dep|cam.10.00145-2026-02-22T15|m1-m2|28707,,0
20260222_dep|cam.10.00146-2026-02-22T15|m0-m2|89677,aggression,1
20260222_dep|cam.10.00146-2026-02-22T15|m0-m1|51028,,0
20260222_dep|cam.10.00147-2026-02-22T15|m0-m2|10342,aggression,1
20260222_dep|cam.10.00153-2026-02-22T15|m1-m2|64209,,0
20260222_dep|cam.10.00155-2026-02-22T15|m0-m2|23599,aggression,1
20260222_dep|cam.10.00155-2026-02-22T15|m0-m2|14555,,0
20260222_dep|cam.10.00185-2026-02-22T15|m0-m1|47678,mlp_fp,0
20260222_dep|cam.10.00185-2026-02-22T15|m1-m2|50639,mlp_fp,0
20260222_dep|cam.10.00187-2026-02-22T15|m0-m1|68330,aggression,1
20260222_dep|cam.10.00188-2026-02-22T15|m1-m2|52987,aggression,1
20260222_dep|cam.10.00189-2026-02-22T15|m1-m2|80580,mlp_fp,0
20260222_dep|cam.10.00189-2026-02-22T15|m1-m2|10722,mlp_fp,0
20260222_dep|cam.10.00192-2026-02-22T15|m1-m2|36388,aggression,1
20260222_dep|cam.10.00192-2026-02-22T15|m0-m2|40244,mlp_fp,0
20260222_dep|cam.10.00192-2026-02-22T15|m0-m2|59728,,0
20260222_dep|cam.10.00193-2026-02-22T15|m0-m1|84047,bystander_ledge,0
20260222_dep|cam.10.00195-2026-02-22T15|m0-m2|23048,aggression,1
20260222_dep|cam.10.00199-2026-02-22T15|m0-m2|43363,bystander_ledge,0
20260222_dep|cam.10.00200-2026-02-22T15|m1-m2|28086,,0
20260222_dep|cam.10.00201-2026-02-22T15|m1-m2|87943,aggression,1
20260222_dep|cam.10.00201-2026-02-22T15|m1-m2|61206,,0
20260222_dep|cam.10.00229-2026-02-22T15|m1-m2|37788,mlp_fp,0
20260222_dep|cam.10.00235-2026-02-22T15|m1-m2|66598,aggression,1
20260222_dep|cam.10.00236-2026-02-22T15|m1-m2|63003,mlp_fp,0
20260222_dep|cam.10.00236-2026-02-22T15|m0-m2|59695,,0
20260222_dep|cam.10.00237-2026-02-22T15|m0-m2|87923,bystander_ledge,0
20260222_dep|cam.10.00239-2026-02-22T15|m1-m2|2007,anogenital,0
20260222_dep|cam.10.00239-2026-02-22T15|m0-m1|31997,double_ledge,0
20260222_dep|cam.10.00240-2026-02-22T15|m0-m2|24318,aggression,1
20260222_dep|cam.10.00240-2026-02-22T15|m0-m1|25013,aggression,1
20260222_dep|cam.10.00240-2026-02-22T15|m0-m1|42397,mlp_fp,0
20260222_dep|cam.10.00240-2026-02-22T15|m1-m2|25031,mlp_fp,0
20260222_dep|cam.10.00240-2026-02-22T15|m0-m1|40917,,0
20260222_dep|cam.10.00249-2026-02-22T15|m0-m1|72252,aggression,1
20260222_dep|cam.10.00277-2026-02-22T15|m0-m1|86607,mlp_fp,0
20260222_dep|cam.10.00281-2026-02-22T15|m0-m2|75161,aggression,1
20260222_dep|cam.10.00281-2026-02-22T15|m0-m2|14449,,0
20260222_dep|cam.10.00284-2026-02-22T15|m0-m2|19473,bystander_ledge,0
20260222_dep|cam.10.00285-2026-02-22T15|m0-m2|55491,aggression,1
20260222_dep|cam.10.00293-2026-02-22T15|m0-m2|52383,mlp_fp,0
20260222_dep|cam.10.00294-2026-02-22T15|m1-m2|14022,grooming,0
20260222_dep|cam.10.00296-2026-02-22T15|m0-m1|48875,aggression,1
20260222_dep|cam.10.00296-2026-02-22T15|m0-m1|51119,bystander_ledge,0
20260222_dep|cam.10.00330-2026-02-22T15|m0-m1|66773,mlp_fp,0
20260222_dep|cam.10.00334-2026-02-22T15|m0-m1|36824,,0
20260222_dep|cam.10.00335-2026-02-22T15|m0-m2|26808,mlp_fp,0
20260222_dep|cam.10.00338-2026-02-22T15|m0-m1|2633,,0
20260222_dep|cam.10.00338-2026-02-22T15|m1-m2|36481,,0
20260222_dep|cam.11.00000-2026-02-22T15|m0-m1|46731,,0
20260222_dep|cam.11.00002-2026-02-22T15|m0-m2|21431,mlp_fp,0
20260222_dep|cam.11.00002-2026-02-22T15|m0-m2|9650,mlp_fp,0
20260222_dep|cam.11.00002-2026-02-22T15|m1-m2|45416,,0
20260222_dep|cam.11.00005-2026-02-22T15|m1-m2|9676,,0
20260222_dep|cam.11.00006-2026-02-22T15|m1-m2|17093,mlp_fp,0
20260222_dep|cam.11.00037-2026-02-22T15|m0-m2|60525,aggression,1
20260222_dep|cam.11.00043-2026-02-22T15|m0-m1|51197,aggression,1
20260222_dep|cam.11.00048-2026-02-22T15|m0-m1|59478,anogenital,0
20260222_dep|cam.11.00050-2026-02-22T15|m1-m2|44852,aggression,1
20260222_dep|cam.11.00051-2026-02-22T15|m0-m2|13019,double_ledge,0
20260222_dep|cam.11.00055-2026-02-22T15|m1-m2|87502,anogenital,0
20260222_dep|cam.11.00085-2026-02-22T15|m0-m2|6049,aggression,1
20260222_dep|cam.11.00089-2026-02-22T15|m0-m1|55652,mlp_fp,0
20260222_dep|cam.11.00090-2026-02-22T15|m0-m2|41359,aggression,1
20260222_dep|cam.11.00094-2026-02-22T15|m1-m2|45260,,0
20260222_dep|cam.11.00096-2026-02-22T15|m1-m2|32632,bystander_ledge,0
20260222_dep|cam.11.00097-2026-02-22T15|m0-m1|83465,aggression,1
20260222_dep|cam.11.00098-2026-02-22T15|m0-m1|15255,,0
20260222_dep|cam.11.00101-2026-02-22T15|m0-m1|3804,double_ledge,0
20260222_dep|cam.11.00102-2026-02-22T15|m0-m2|6245,mlp_fp,0
20260222_dep|cam.11.00102-2026-02-22T15|m1-m2|21796,bystander_ledge,0
20260222_dep|cam.11.00106-2026-02-22T15|m1-m2|3530,,0
20260222_dep|cam.11.00133-2026-02-22T15|m0-m2|45632,bystander_ledge,0
20260222_dep|cam.11.00136-2026-02-22T15|m1-m2|80375,mlp_fp,0
20260222_dep|cam.11.00136-2026-02-22T15|m0-m2|50115,,0
20260222_dep|cam.11.00138-2026-02-22T15|m0-m2|89118,side_kissing,0
20260222_dep|cam.11.00140-2026-02-22T15|m1-m2|81911,mlp_fp,0
20260222_dep|cam.11.00182-2026-02-22T15|m0-m2|25182,aggression,1
20260222_dep|cam.11.00182-2026-02-22T15|m1-m2|64295,mlp_fp,0
20260222_dep|cam.11.00182-2026-02-22T15|m1-m2|18837,bystander_ledge,0
20260222_dep|cam.11.00184-2026-02-22T15|m1-m2|60410,tail_bite,0
20260222_dep|cam.11.00190-2026-02-22T15|m1-m2|76824,aggression,1
20260222_dep|cam.11.00190-2026-02-22T15|m1-m2|61178,,0
20260222_dep|cam.11.00192-2026-02-22T15|m0-m2|38316,aggression,1
20260222_dep|cam.11.00193-2026-02-22T15|m0-m2|63935,,0
20260222_dep|cam.11.00198-2026-02-22T15|m0-m2|68161,mlp_fp,0
20260222_dep|cam.11.00201-2026-02-22T15|m0-m2|17967,,0
20260222_dep|cam.11.00232-2026-02-22T15|m1-m2|63242,aggression,1
20260222_dep|cam.11.00232-2026-02-22T15|m0-m2|12925,aggression,1
20260222_dep|cam.11.00236-2026-02-22T15|m0-m1|62244,aggression,1
20260222_dep|cam.11.00241-2026-02-22T15|m0-m2|36867,,0
20260222_dep|cam.11.00243-2026-02-22T15|m0-m2|2366,bystander_ledge,0
20260222_dep|cam.11.00249-2026-02-22T15|m0-m2|75052,aggression,1
20260222_dep|cam.11.00281-2026-02-22T15|m0-m1|24531,aggression,1
20260222_dep|cam.11.00281-2026-02-22T15|m1-m2|19667,side_kissing,0
20260222_dep|cam.11.00289-2026-02-22T15|m0-m2|66108,,0
20260222_dep|cam.11.00293-2026-02-22T15|m0-m1|30057,anogenital,0
20260222_dep|cam.11.00298-2026-02-22T15|m0-m1|17513,aggression,1
20260222_dep|cam.11.00299-2026-02-22T15|m0-m2|19046,anogenital,0
20260222_dep|cam.11.00331-2026-02-22T15|m0-m2|17028,aggression,1
20260222_dep|cam.11.00332-2026-02-22T15|m0-m1|19202,,0
20260222_dep|cam.11.00334-2026-02-22T15|m0-m1|50876,aggression,1
20260222_dep|cam.11.00334-2026-02-22T15|m0-m1|66692,mlp_fp,0
20260222_dep|cam.11.00337-2026-02-22T15|m0-m1|78324,aggression,1
20260222_dep|cam.11.00337-2026-02-22T15|m0-m1|24925,bystander_ledge,0
20260222_dep|cam.11.00337-2026-02-22T15|m0-m2|7269,,0
20260222_dep|cam.11.00337-2026-02-22T15|m0-m2|13896,,0
20260222_dep|cam.11.00343-2026-02-22T15|m1-m2|3768,aggression,1
20260222_dep|cam.11.00343-2026-02-22T15|m1-m2|339,side_kissing,0
20260222_dep|cam.11.00345-2026-02-22T15|m0-m2|30031,aggression,1
20260222_dep|cam.11.00346-2026-02-22T15|m0-m1|44713,,0
20260222_dep|cam.12.00001-2026-02-22T15|m0-m1|31502,mlp_fp,0
20260222_dep|cam.12.00001-2026-02-22T15|m0-m1|64085,,0
20260222_dep|cam.12.00002-2026-02-22T15|m0-m1|5620,aggression,1
20260222_dep|cam.12.00003-2026-02-22T15|m0-m2|79255,mlp_fp,0
20260222_dep|cam.12.00008-2026-02-22T15|m0-m1|65819,,0
20260222_dep|cam.12.00009-2026-02-22T15|m0-m2|87622,,0
20260222_dep|cam.12.00010-2026-02-22T15|m1-m2|77569,bystander_ledge,0
20260222_dep|cam.12.00036-2026-02-22T15|m0-m2|50123,,0
20260222_dep|cam.12.00043-2026-02-22T15|m1-m2|45101,grooming,0
20260222_dep|cam.12.00046-2026-02-22T15|m0-m2|38643,side_kissing,0
20260222_dep|cam.12.00046-2026-02-22T15|m0-m2|38500,,0
20260222_dep|cam.12.00047-2026-02-22T15|m0-m2|73040,,0
20260222_dep|cam.12.00048-2026-02-22T15|m0-m1|7179,,0
20260222_dep|cam.12.00049-2026-02-22T15|m0-m1|8139,bystander_ledge,0
20260222_dep|cam.12.00050-2026-02-22T15|m0-m2|13271,,0
20260222_dep|cam.12.00052-2026-02-22T15|m0-m1|51232,aggression,1
20260222_dep|cam.12.00055-2026-02-22T15|m0-m1|83482,aggression,1
20260222_dep|cam.12.00055-2026-02-22T15|m0-m1|80847,aggression,1
20260222_dep|cam.12.00056-2026-02-22T15|m1-m2|87877,bystander_ledge,0
20260222_dep|cam.12.00086-2026-02-22T15|m0-m2|88762,,0
20260222_dep|cam.12.00094-2026-02-22T15|m0-m2|19477,mlp_fp,0
20260222_dep|cam.12.00094-2026-02-22T15|m1-m2|8002,mlp_fp,0
20260222_dep|cam.12.00097-2026-02-22T15|m0-m1|16287,bystander_ledge,0
20260222_dep|cam.12.00099-2026-02-22T15|m0-m2|86943,mlp_fp,0
20260222_dep|cam.12.00099-2026-02-22T15|m0-m2|62566,,0
20260222_dep|cam.12.00103-2026-02-22T15|m0-m1|12620,,0
20260222_dep|cam.12.00106-2026-02-22T15|m0-m2|15843,aggression,1
20260222_dep|cam.12.00106-2026-02-22T15|m1-m2|12914,aggression,1
20260222_dep|cam.12.00107-2026-02-22T15|m0-m2|26770,aggression,1
20260222_dep|cam.12.00147-2026-02-22T15|m1-m2|70935,,0
20260222_dep|cam.12.00148-2026-02-22T15|m1-m2|52426,aggression,1
20260222_dep|cam.12.00153-2026-02-22T15|m0-m1|55871,aggression,1
20260222_dep|cam.12.00154-2026-02-22T15|m0-m2|752,mlp_fp,0
20260222_dep|cam.12.00154-2026-02-22T15|m0-m1|41271,anogenital,0
20260222_dep|cam.12.00155-2026-02-22T15|m0-m2|740,bystander_ledge,0
20260222_dep|cam.12.00189-2026-02-22T15|m0-m2|56908,,0
20260222_dep|cam.12.00192-2026-02-22T15|m0-m1|83677,aggression,1
20260222_dep|cam.12.00193-2026-02-22T15|m0-m2|18240,aggression,1
20260222_dep|cam.12.00195-2026-02-22T15|m0-m1|30789,aggression,1
20260222_dep|cam.12.00195-2026-02-22T15|m1-m2|68691,aggression,1
20260222_dep|cam.12.00195-2026-02-22T15|m1-m2|32404,,0
20260222_dep|cam.12.00195-2026-02-22T15|m1-m2|66510,,0
20260222_dep|cam.12.00196-2026-02-22T15|m0-m2|65850,aggression,1
20260222_dep|cam.12.00232-2026-02-22T15|m1-m2|88013,aggression,1
20260222_dep|cam.12.00239-2026-02-22T15|m1-m2|76584,aggression,1
20260222_dep|cam.12.00240-2026-02-22T15|m1-m2|39391,aggression,1
20260222_dep|cam.12.00284-2026-02-22T15|m0-m1|38192,aggression,1
20260222_dep|cam.12.00285-2026-02-22T15|m0-m1|2678,mlp_fp,0
20260222_dep|cam.12.00335-2026-02-22T15|m0-m1|17353,,0
20260222_dep|cam.12.00336-2026-02-22T15|m1-m2|68496,bystander_ledge,0
20260222_dep|cam.12.00342-2026-02-22T15|m0-m2|44258,mlp_fp,0
20260222_dep|cam.12.00376-2026-02-22T15|m1-m2|58437,aggression,1
20260222_dep|cam.13.00000-2026-02-22T15|m0-m1|64415,,0
20260222_dep|cam.13.00000-2026-02-22T15|m1-m2|26742,,0
20260222_dep|cam.13.00000-2026-02-22T15|m1-m2|84595,,0
20260222_dep|cam.13.00001-2026-02-22T15|m1-m2|45164,,0
20260222_dep|cam.13.00002-2026-02-22T15|m0-m2|54703,grooming,0
20260222_dep|cam.13.00003-2026-02-22T15|m0-m2|1229,grooming,0
20260222_dep|cam.13.00003-2026-02-22T15|m0-m1|58504,,0
20260222_dep|cam.13.00010-2026-02-22T15|m0-m2|60459,bystander_ledge,0
20260222_dep|cam.13.00035-2026-02-22T15|m0-m1|81354,,0
20260222_dep|cam.13.00041-2026-02-22T15|m1-m2|36542,aggression,1
20260222_dep|cam.13.00041-2026-02-22T15|m1-m2|38226,aggression,1
20260222_dep|cam.13.00043-2026-02-22T15|m0-m1|87773,mlp_fp,0
20260222_dep|cam.13.00044-2026-02-22T15|m0-m1|17437,,0
20260222_dep|cam.13.00046-2026-02-22T15|m0-m2|89313,grooming,0
20260222_dep|cam.13.00047-2026-02-22T15|m1-m2|85719,bystander_ledge,0
20260222_dep|cam.13.00050-2026-02-22T15|m0-m2|53566,double_ledge,0
20260222_dep|cam.13.00051-2026-02-22T15|m1-m2|12017,side_kissing,0
20260222_dep|cam.13.00053-2026-02-22T15|m1-m2|78534,aggression,1
20260222_dep|cam.13.00053-2026-02-22T15|m1-m2|10496,double_ledge,0
20260222_dep|cam.13.00053-2026-02-22T15|m0-m1|24727,side_kissing,0
20260222_dep|cam.13.00056-2026-02-22T15|m0-m2|17557,aggression,1
20260222_dep|cam.13.00056-2026-02-22T15|m1-m2|61287,,0
20260222_dep|cam.13.00088-2026-02-22T15|m0-m1|15709,bystander_ledge,0
20260222_dep|cam.13.00088-2026-02-22T15|m0-m1|27419,,0
20260222_dep|cam.13.00091-2026-02-22T15|m1-m2|40549,,0
20260222_dep|cam.13.00093-2026-02-22T15|m1-m2|48404,aggression,1
20260222_dep|cam.13.00096-2026-02-22T15|m0-m2|17086,side_kissing,0
20260222_dep|cam.13.00098-2026-02-22T15|m1-m2|26775,aggression,1
20260222_dep|cam.13.00102-2026-02-22T15|m0-m2|25252,grooming,0
20260222_dep|cam.13.00107-2026-02-22T15|m1-m2|30821,,0
20260222_dep|cam.13.00132-2026-02-22T15|m0-m1|83804,mlp_fp,0
20260222_dep|cam.13.00138-2026-02-22T15|m0-m1|14378,,0
20260222_dep|cam.13.00140-2026-02-22T15|m1-m2|62893,mlp_fp,0
20260222_dep|cam.13.00141-2026-02-22T15|m0-m2|22157,mlp_fp,0
20260222_dep|cam.13.00145-2026-02-22T15|m0-m2|20871,aggression,1
20260222_dep|cam.13.00146-2026-02-22T15|m0-m2|10302,aggression,1
20260222_dep|cam.13.00147-2026-02-22T15|m0-m2|17899,aggression,1
20260222_dep|cam.13.00147-2026-02-22T15|m0-m1|16513,double_ledge,0
20260222_dep|cam.13.00147-2026-02-22T15|m1-m2|18099,bystander_ledge,0
20260222_dep|cam.13.00149-2026-02-22T15|m0-m1|54530,mlp_fp,0
20260222_dep|cam.13.00153-2026-02-22T15|m0-m1|42545,,0
20260222_dep|cam.13.00154-2026-02-22T15|m0-m2|57074,aggression,1
20260222_dep|cam.13.00154-2026-02-22T15|m0-m2|71381,aggression,1
20260222_dep|cam.13.00182-2026-02-22T15|m0-m1|31797,,0
20260222_dep|cam.13.00184-2026-02-22T15|m1-m2|30389,,0
20260222_dep|cam.13.00185-2026-02-22T15|m0-m1|16931,,0
20260222_dep|cam.13.00186-2026-02-22T15|m1-m2|12917,,0
20260222_dep|cam.13.00191-2026-02-22T15|m0-m1|60055,side_kissing,0
20260222_dep|cam.13.00192-2026-02-22T15|m0-m2|65525,mlp_fp,0
20260222_dep|cam.13.00194-2026-02-22T15|m0-m1|53412,aggression,1
20260222_dep|cam.13.00194-2026-02-22T15|m0-m1|57309,aggression,1
20260222_dep|cam.13.00195-2026-02-22T15|m0-m1|88993,anogenital,0
20260222_dep|cam.13.00202-2026-02-22T15|m0-m1|65113,aggression,1
20260222_dep|cam.13.00202-2026-02-22T15|m1-m2|30295,aggression,1
20260222_dep|cam.13.00203-2026-02-22T15|m0-m2|17079,mlp_fp,0
20260222_dep|cam.13.00228-2026-02-22T15|m1-m2|21726,mlp_fp,0
20260222_dep|cam.13.00233-2026-02-22T15|m0-m1|67805,side_kissing,0
20260222_dep|cam.13.00244-2026-02-22T15|m0-m1|88013,grooming,0
20260222_dep|cam.13.00249-2026-02-22T15|m1-m2|87252,mlp_fp,0
20260222_dep|cam.13.00278-2026-02-22T15|m0-m2|38143,mlp_fp,0
20260222_dep|cam.13.00282-2026-02-22T15|m0-m2|27867,mlp_fp,0
20260222_dep|cam.13.00283-2026-02-22T15|m1-m2|72874,bystander_ledge,0
20260222_dep|cam.13.00286-2026-02-22T15|m1-m2|38379,bystander_ledge,0
20260222_dep|cam.13.00290-2026-02-22T15|m1-m2|84178,aggression,1
20260222_dep|cam.13.00292-2026-02-22T15|m1-m2|23441,bystander_ledge,0
20260222_dep|cam.13.00292-2026-02-22T15|m0-m2|14526,,0
20260222_dep|cam.13.00327-2026-02-22T15|m0-m1|77991,mlp_fp,0
20260222_dep|cam.13.00328-2026-02-22T15|m0-m1|77203,grooming,0
20260222_dep|cam.13.00328-2026-02-22T15|m0-m1|66332,,0
20260222_dep|cam.13.00331-2026-02-22T15|m1-m2|48942,,0
20260222_dep|cam.13.00337-2026-02-22T15|m1-m2|88763,,0
20260222_dep|cam.14.00001-2026-02-22T15|m0-m1|76605,mlp_fp,0
20260222_dep|cam.14.00001-2026-02-22T15|m0-m2|72816,,0
20260222_dep|cam.14.00002-2026-02-22T15|m1-m2|39304,,0
20260222_dep|cam.14.00003-2026-02-22T15|m0-m2|55927,mlp_fp,0
20260222_dep|cam.14.00003-2026-02-22T15|m0-m2|71202,,0
20260222_dep|cam.14.00004-2026-02-22T15|m0-m2|39778,mlp_fp,0
20260222_dep|cam.14.00004-2026-02-22T15|m1-m2|8250,,0
20260222_dep|cam.14.00006-2026-02-22T15|m0-m2|18787,aggression,1
20260222_dep|cam.14.00009-2026-02-22T15|m0-m2|34149,aggression,1
20260222_dep|cam.14.00009-2026-02-22T15|m1-m2|30177,aggression,1
20260222_dep|cam.14.00009-2026-02-22T15|m1-m2|65734,,0
20260222_dep|cam.14.00010-2026-02-22T15|m1-m2|31149,aggression,1
20260222_dep|cam.14.00010-2026-02-22T15|m0-m2|72745,,0
20260222_dep|cam.14.00011-2026-02-22T15|m0-m1|39565,,0
20260222_dep|cam.14.00039-2026-02-22T15|m0-m1|51710,,0
20260222_dep|cam.14.00045-2026-02-22T15|m0-m1|73140,aggression,1
20260222_dep|cam.14.00049-2026-02-22T15|m1-m2|1686,mlp_fp,0
20260222_dep|cam.14.00051-2026-02-22T15|m1-m2|37679,mlp_fp,0
20260222_dep|cam.14.00053-2026-02-22T15|m1-m2|71595,,0
20260222_dep|cam.14.00055-2026-02-22T15|m0-m1|12101,,0
20260222_dep|cam.14.00055-2026-02-22T15|m1-m2|9014,,0
20260222_dep|cam.14.00055-2026-02-22T15|m0-m2|36920,,0
20260222_dep|cam.14.00059-2026-02-22T15|m0-m1|23680,,0
20260222_dep|cam.14.00083-2026-02-22T15|m0-m1|73418,mlp_fp,0
20260222_dep|cam.14.00093-2026-02-22T15|m0-m2|64168,,0
20260222_dep|cam.14.00095-2026-02-22T15|m0-m2|55592,,0
20260222_dep|cam.14.00097-2026-02-22T15|m1-m2|76515,aggression,1
20260222_dep|cam.14.00097-2026-02-22T15|m1-m2|17584,mlp_fp,0
20260222_dep|cam.14.00098-2026-02-22T15|m0-m2|10156,aggression,1
20260222_dep|cam.14.00099-2026-02-22T15|m0-m1|73339,,0
20260222_dep|cam.14.00099-2026-02-22T15|m0-m1|68175,,0
20260222_dep|cam.14.00099-2026-02-22T15|m1-m2|8083,,0
20260222_dep|cam.14.00102-2026-02-22T15|m0-m2|42001,,0
20260222_dep|cam.14.00107-2026-02-22T15|m0-m2|34743,aggression,1
20260222_dep|cam.14.00107-2026-02-22T15|m0-m1|26996,mlp_fp,0
20260222_dep|cam.14.00139-2026-02-22T15|m1-m2|89509,tail_bite,0
20260222_dep|cam.14.00141-2026-02-22T15|m0-m2|42797,aggression,1
20260222_dep|cam.14.00141-2026-02-22T15|m0-m2|11166,aggression,1
20260222_dep|cam.14.00141-2026-02-22T15|m1-m2|33254,side_kissing,0
20260222_dep|cam.14.00144-2026-02-22T15|m0-m2|69029,aggression,1
20260222_dep|cam.14.00144-2026-02-22T15|m0-m1|10122,,0
20260222_dep|cam.14.00145-2026-02-22T15|m0-m2|86326,aggression,1
20260222_dep|cam.14.00145-2026-02-22T15|m0-m1|23899,,0
20260222_dep|cam.14.00146-2026-02-22T15|m0-m1|15612,mlp_fp,0
20260222_dep|cam.14.00147-2026-02-22T15|m1-m2|57370,mlp_fp,0
20260222_dep|cam.14.00151-2026-02-22T15|m0-m1|36853,bystander_ledge,0
20260222_dep|cam.14.00152-2026-02-22T15|m0-m2|66663,mlp_fp,0
20260222_dep|cam.14.00152-2026-02-22T15|m0-m2|35921,tail_bite,0
20260222_dep|cam.14.00154-2026-02-22T15|m0-m2|83636,aggression,1
20260222_dep|cam.14.00181-2026-02-22T15|m0-m2|4243,aggression,1
20260222_dep|cam.14.00190-2026-02-22T15|m0-m2|75975,aggression,1
20260222_dep|cam.14.00195-2026-02-22T15|m0-m2|51153,mlp_fp,0
20260222_dep|cam.14.00195-2026-02-22T15|m0-m2|8175,side_kissing,0
20260222_dep|cam.14.00195-2026-02-22T15|m0-m2|31075,,0
20260222_dep|cam.14.00195-2026-02-22T15|m0-m1|27002,,0
20260222_dep|cam.14.00200-2026-02-22T15|m1-m2|5920,mlp_fp,0
20260222_dep|cam.14.00200-2026-02-22T15|m1-m2|85733,grooming,0
20260222_dep|cam.14.00200-2026-02-22T15|m0-m2|85695,,0
20260222_dep|cam.14.00201-2026-02-22T15|m0-m2|69534,mlp_fp,0
20260222_dep|cam.14.00202-2026-02-22T15|m1-m2|28164,side_kissing,0
20260222_dep|cam.14.00203-2026-02-22T15|m0-m2|20381,mlp_fp,0
20260222_dep|cam.14.00229-2026-02-22T15|m0-m2|64794,,0
20260222_dep|cam.14.00240-2026-02-22T15|m0-m1|9344,mlp_fp,0
20260222_dep|cam.14.00241-2026-02-22T15|m1-m2|60665,,0
20260222_dep|cam.14.00243-2026-02-22T15|m0-m1|20672,,0
20260222_dep|cam.14.00244-2026-02-22T15|m0-m2|40473,,0
20260222_dep|cam.14.00245-2026-02-22T15|m0-m2|27317,bystander_ledge,0
20260222_dep|cam.14.00249-2026-02-22T15|m1-m2|60172,aggression,1
20260222_dep|cam.14.00249-2026-02-22T15|m0-m2|39105,bystander_ledge,0
20260222_dep|cam.14.00250-2026-02-22T15|m0-m1|38112,,0
20260222_dep|cam.14.00251-2026-02-22T15|m0-m2|40145,,0
20260222_dep|cam.14.00276-2026-02-22T15|m1-m2|75927,aggression,1
20260222_dep|cam.14.00277-2026-02-22T15|m0-m2|28363,mlp_fp,0
20260222_dep|cam.14.00285-2026-02-22T15|m0-m1|43216,,0
20260222_dep|cam.14.00286-2026-02-22T15|m1-m2|16764,,0
20260222_dep|cam.14.00287-2026-02-22T15|m0-m2|84167,,0
20260222_dep|cam.14.00289-2026-02-22T15|m0-m1|58553,mlp_fp,0
20260222_dep|cam.14.00290-2026-02-22T15|m1-m2|53019,aggression,1
20260222_dep|cam.14.00291-2026-02-22T15|m0-m2|22897,,0
20260222_dep|cam.14.00295-2026-02-22T15|m1-m2|74290,,0
20260222_dep|cam.14.00296-2026-02-22T15|m1-m2|10988,aggression,1
20260222_dep|cam.14.00297-2026-02-22T15|m1-m2|70135,aggression,1
20260222_dep|cam.14.00331-2026-02-22T15|m1-m2|12905,aggression,1
20260222_dep|cam.14.00331-2026-02-22T15|m0-m1|81833,,0
20260222_dep|cam.14.00332-2026-02-22T15|m0-m2|8094,mlp_fp,0
20260222_dep|cam.14.00333-2026-02-22T15|m0-m1|33666,anogenital,0
20260222_dep|cam.14.00335-2026-02-22T15|m1-m2|87920,aggression,1
20260222_dep|cam.14.00335-2026-02-22T15|m1-m2|53915,anogenital,0
20260222_dep|cam.14.00335-2026-02-22T15|m1-m2|29686,,0
20260222_dep|cam.14.00336-2026-02-22T15|m1-m2|79527,aggression,1
20260222_dep|cam.14.00336-2026-02-22T15|m0-m2|70924,aggression,1
20260222_dep|cam.14.00336-2026-02-22T15|m0-m2|81672,tail_bite,0
20260222_dep|cam.14.00336-2026-02-22T15|m1-m2|8109,,0
20260222_dep|cam.14.00336-2026-02-22T15|m0-m1|32040,,0
20260222_dep|cam.14.00338-2026-02-22T15|m1-m2|64100,mlp_fp,0
20260222_dep|cam.14.00346-2026-02-22T15|m0-m2|31111,aggression,1
20260222_dep|cam.14.00347-2026-02-22T15|m0-m2|32220,mlp_fp,0
20260222_dep|cam.14.00372-2026-02-22T15|m0-m2|3419,aggression,1
20260222_dep|cam.15.00001-2026-02-22T15|m0-m2|34397,,0
20260222_dep|cam.15.00001-2026-02-22T15|m1-m2|46466,,0
20260222_dep|cam.15.00002-2026-02-22T15|m0-m2|64629,aggression,1
20260222_dep|cam.15.00002-2026-02-22T15|m0-m1|73791,,0
20260222_dep|cam.15.00003-2026-02-22T15|m1-m2|74851,mlp_fp,0
20260222_dep|cam.15.00003-2026-02-22T15|m0-m1|76554,mlp_fp,0
20260222_dep|cam.15.00003-2026-02-22T15|m1-m2|19079,mlp_fp,0
20260222_dep|cam.15.00003-2026-02-22T15|m1-m2|49443,,0
20260222_dep|cam.15.00004-2026-02-22T15|m0-m2|40295,aggression,1
20260222_dep|cam.15.00004-2026-02-22T15|m0-m2|24736,aggression,1
20260222_dep|cam.15.00006-2026-02-22T15|m0-m2|72094,,0
20260222_dep|cam.15.00007-2026-02-22T15|m1-m2|17196,,0
20260222_dep|cam.15.00007-2026-02-22T15|m1-m2|34178,,0
20260222_dep|cam.15.00010-2026-02-22T15|m1-m2|22596,,0
20260222_dep|cam.15.00037-2026-02-22T15|m0-m2|87458,,0
20260222_dep|cam.15.00044-2026-02-22T15|m0-m1|73638,aggression,1
20260222_dep|cam.15.00044-2026-02-22T15|m0-m1|70986,,0
20260222_dep|cam.15.00046-2026-02-22T15|m0-m1|86208,aggression,1
20260222_dep|cam.15.00049-2026-02-22T15|m1-m2|12008,aggression,1
20260222_dep|cam.15.00051-2026-02-22T15|m1-m2|69531,aggression,1
20260222_dep|cam.15.00051-2026-02-22T15|m1-m2|83414,aggression,1
20260222_dep|cam.15.00051-2026-02-22T15|m1-m2|54731,side_kissing,0
20260222_dep|cam.15.00052-2026-02-22T15|m0-m2|88232,,0
20260222_dep|cam.15.00057-2026-02-22T15|m1-m2|78241,anogenital,0
20260222_dep|cam.15.00058-2026-02-22T15|m0-m1|23893,mlp_fp,0
20260222_dep|cam.15.00059-2026-02-22T15|m0-m1|41714,double_ledge,0
20260222_dep|cam.15.00095-2026-02-22T15|m1-m2|68093,aggression,1
20260222_dep|cam.15.00096-2026-02-22T15|m0-m2|7816,anogenital,0
20260222_dep|cam.15.00097-2026-02-22T15|m1-m2|87068,aggression,1
20260222_dep|cam.15.00100-2026-02-22T15|m1-m2|67604,mlp_fp,0
20260222_dep|cam.15.00104-2026-02-22T15|m0-m2|89429,mlp_fp,0
20260222_dep|cam.15.00134-2026-02-22T15|m0-m2|23598,mlp_fp,0
20260222_dep|cam.15.00134-2026-02-22T15|m0-m1|27731,,0
20260222_dep|cam.15.00139-2026-02-22T15|m0-m2|71354,,0
20260222_dep|cam.15.00143-2026-02-22T15|m0-m1|45039,aggression,1
20260222_dep|cam.15.00145-2026-02-22T15|m0-m1|48881,,0
20260222_dep|cam.15.00145-2026-02-22T15|m1-m2|63078,,0
20260222_dep|cam.15.00145-2026-02-22T15|m0-m1|56486,,0
20260222_dep|cam.15.00147-2026-02-22T15|m0-m2|16756,,0
20260222_dep|cam.15.00148-2026-02-22T15|m0-m1|44433,,0
20260222_dep|cam.15.00153-2026-02-22T15|m1-m2|14074,mlp_fp,0
20260222_dep|cam.15.00154-2026-02-22T15|m0-m1|15289,mlp_fp,0
20260222_dep|cam.15.00154-2026-02-22T15|m0-m1|33521,bystander_ledge,0
20260222_dep|cam.15.00154-2026-02-22T15|m1-m2|11697,,0
20260222_dep|cam.15.00184-2026-02-22T15|m0-m2|35481,mlp_fp,0
20260222_dep|cam.15.00185-2026-02-22T15|m0-m1|10545,mlp_fp,0
20260222_dep|cam.15.00193-2026-02-22T15|m1-m2|43241,mlp_fp,0
20260222_dep|cam.15.00193-2026-02-22T15|m1-m2|41625,,0
20260222_dep|cam.15.00195-2026-02-22T15|m0-m2|46142,aggression,1
20260222_dep|cam.15.00199-2026-02-22T15|m0-m1|42413,aggression,1
20260222_dep|cam.15.00199-2026-02-22T15|m0-m2|12455,mlp_fp,0
20260222_dep|cam.15.00203-2026-02-22T15|m1-m2|22546,,0
20260222_dep|cam.15.00229-2026-02-22T15|m0-m2|69820,aggression,1
20260222_dep|cam.15.00229-2026-02-22T15|m0-m1|27392,,0
20260222_dep|cam.15.00229-2026-02-22T15|m1-m2|36987,,0
20260222_dep|cam.15.00230-2026-02-22T15|m1-m2|4047,mlp_fp,0
20260222_dep|cam.15.00232-2026-02-22T15|m0-m1|42530,aggression,1
20260222_dep|cam.15.00235-2026-02-22T15|m1-m2|48959,aggression,1
20260222_dep|cam.15.00242-2026-02-22T15|m1-m2|56748,,0
20260222_dep|cam.15.00243-2026-02-22T15|m0-m2|22057,bystander_ledge,0
20260222_dep|cam.15.00248-2026-02-22T15|m0-m2|74430,aggression,1
20260222_dep|cam.15.00250-2026-02-22T15|m0-m2|9767,aggression,1
20260222_dep|cam.15.00250-2026-02-22T15|m0-m1|28167,double_ledge,0
20260222_dep|cam.15.00278-2026-02-22T15|m1-m2|89221,mlp_fp,0
20260222_dep|cam.15.00285-2026-02-22T15|m1-m2|56281,mlp_fp,0
20260222_dep|cam.15.00286-2026-02-22T15|m1-m2|67771,aggression,1
20260222_dep|cam.15.00288-2026-02-22T15|m1-m2|11304,,0
20260222_dep|cam.15.00289-2026-02-22T15|m0-m1|63097,aggression,1
20260222_dep|cam.15.00289-2026-02-22T15|m0-m1|87402,aggression,1
20260222_dep|cam.15.00289-2026-02-22T15|m0-m1|16801,,0
20260222_dep|cam.15.00292-2026-02-22T15|m1-m2|77773,aggression,1
20260222_dep|cam.15.00292-2026-02-22T15|m1-m2|34293,mlp_fp,0
20260222_dep|cam.15.00292-2026-02-22T15|m1-m2|65433,side_kissing,0
20260222_dep|cam.15.00292-2026-02-22T15|m0-m1|45120,,0
20260222_dep|cam.15.00293-2026-02-22T15|m1-m2|32024,aggression,1
20260222_dep|cam.15.00294-2026-02-22T15|m0-m1|76395,aggression,1
20260222_dep|cam.15.00295-2026-02-22T15|m0-m2|80197,aggression,1
20260222_dep|cam.15.00296-2026-02-22T15|m0-m2|49216,aggression,1
20260222_dep|cam.15.00328-2026-02-22T15|m1-m2|87666,double_ledge,0
20260222_dep|cam.15.00331-2026-02-22T15|m0-m2|34987,,0
20260222_dep|cam.15.00332-2026-02-22T15|m0-m1|49163,,0
20260222_dep|cam.15.00333-2026-02-22T15|m1-m2|87548,aggression,1
20260222_dep|cam.15.00334-2026-02-22T15|m1-m2|55126,aggression,1
20260222_dep|cam.15.00334-2026-02-22T15|m1-m2|21540,aggression,1
20260222_dep|cam.15.00336-2026-02-22T15|m1-m2|48260,aggression,1
20260222_dep|cam.15.00336-2026-02-22T15|m0-m1|32990,,0
20260222_dep|cam.15.00338-2026-02-22T15|m1-m2|37729,,0
20260222_dep|cam.15.00339-2026-02-22T15|m0-m2|61479,mlp_fp,0
20260222_dep|cam.15.00341-2026-02-22T15|m0-m1|25628,,0
20260222_dep|cam.15.00345-2026-02-22T15|m0-m1|71711,,0
20260222_dep|cam.15.00346-2026-02-22T15|m1-m2|15148,double_ledge,0
20260222_dep|cam.15.00347-2026-02-22T15|m0-m1|18924,mlp_fp,0
20260222_dep|cam.15.00347-2026-02-22T15|m1-m2|23478,bystander_ledge,0
20260222_dep|cam.15.00372-2026-02-22T15|m0-m2|67114,grooming,0
20260222_post|cam.09.00000-2026-03-02T12|m0-m2|36419,aggression,1
20260222_post|cam.09.00000-2026-03-02T12|m0-m1|9795,mlp_fp,0
20260222_post|cam.09.00000-2026-03-02T12|m0-m1|54221,,0
20260222_post|cam.09.00001-2026-03-02T12|m1-m2|4578,bystander_ledge,0
20260222_post|cam.09.00001-2026-03-02T12|m1-m2|563,double_ledge,0
20260222_post|cam.09.00001-2026-03-02T12|m0-m2|35867,,0
20260222_post|cam.09.00001-2026-03-02T12|m1-m2|80810,,0
20260222_post|cam.09.00001-2026-03-02T12|m0-m2|11030,,0
20260222_post|cam.09.00001-2026-03-02T12|m0-m1|35756,,0
20260222_post|cam.09.00001-2026-03-02T12|m1-m2|60530,,0
20260222_post|cam.09.00004-2026-03-02T12|m0-m1|13362,aggression,1
20260222_post|cam.09.00004-2026-03-02T12|m0-m2|50086,aggression,1
20260222_post|cam.09.00004-2026-03-02T12|m0-m2|22032,aggression,1
20260222_post|cam.09.00004-2026-03-02T12|m0-m2|37679,aggression,1
20260222_post|cam.09.00004-2026-03-02T12|m1-m2|42320,mlp_fp,0
20260222_post|cam.09.00004-2026-03-02T12|m0-m1|10201,mlp_fp,0
20260222_post|cam.09.00004-2026-03-02T12|m0-m2|37791,mlp_fp,0
20260222_post|cam.09.00004-2026-03-02T12|m1-m2|22000,mlp_fp,0
20260222_post|cam.09.00004-2026-03-02T12|m0-m2|712,side_kissing,0
20260222_post|cam.09.00006-2026-03-02T12|m0-m2|73208,,0
20260222_post|cam.09.00007-2026-03-02T12|m0-m2|52368,aggression,1
20260222_post|cam.09.00007-2026-03-02T12|m1-m2|78197,,0
20260222_post|cam.09.00008-2026-03-02T12|m0-m1|69146,aggression,1
20260222_post|cam.09.00008-2026-03-02T12|m1-m2|25707,mlp_fp,0
20260222_post|cam.09.00009-2026-03-02T12|m0-m1|60667,aggression,1
20260222_post|cam.09.00009-2026-03-02T12|m0-m2|82336,,0
20260222_post|cam.09.00009-2026-03-02T12|m0-m2|61767,,0
20260222_post|cam.09.00014-2026-03-02T12|m0-m2|71246,aggression,1
20260222_post|cam.09.00046-2026-03-02T12|m1-m2|9009,aggression,1
20260222_post|cam.09.00046-2026-03-02T12|m0-m1|19861,,0
20260222_post|cam.09.00048-2026-03-02T12|m0-m2|70655,aggression,1
20260222_post|cam.09.00048-2026-03-02T12|m1-m2|32127,aggression,1
20260222_post|cam.09.00048-2026-03-02T12|m1-m2|38038,mlp_fp,0
20260222_post|cam.09.00048-2026-03-02T12|m0-m1|71002,,0
20260222_post|cam.09.00048-2026-03-02T12|m0-m1|14740,,0
20260222_post|cam.09.00048-2026-03-02T12|m0-m2|26178,,0
20260222_post|cam.09.00049-2026-03-02T12|m0-m2|34000,aggression,1
20260222_post|cam.09.00049-2026-03-02T12|m1-m2|59276,,0
20260222_post|cam.09.00050-2026-03-02T12|m0-m2|32058,aggression,1
20260222_post|cam.09.00051-2026-03-02T12|m1-m2|59132,aggression,1
20260222_post|cam.09.00051-2026-03-02T12|m1-m2|14544,mlp_fp,0
20260222_post|cam.09.00054-2026-03-02T12|m1-m2|65035,aggression,1
20260222_post|cam.09.00054-2026-03-02T12|m0-m2|38746,aggression,1
20260222_post|cam.09.00054-2026-03-02T12|m0-m2|22744,,0
20260222_post|cam.09.00055-2026-03-02T12|m0-m2|9891,mlp_fp,0
20260222_post|cam.09.00055-2026-03-02T12|m1-m2|79837,mlp_fp,0
20260222_post|cam.09.00057-2026-03-02T12|m0-m2|14378,mlp_fp,0
20260222_post|cam.09.00057-2026-03-02T12|m0-m2|62138,,0
20260222_post|cam.09.00058-2026-03-02T12|m0-m2|80923,aggression,1
20260222_post|cam.09.00058-2026-03-02T12|m0-m1|47892,mlp_fp,0
20260222_post|cam.09.00058-2026-03-02T12|m1-m2|58007,bystander_ledge,0
20260222_post|cam.09.00058-2026-03-02T12|m0-m2|88406,anogenital,0
20260222_post|cam.09.00058-2026-03-02T12|m0-m2|63967,,0
20260222_post|cam.09.00058-2026-03-02T12|m0-m1|31122,,0
20260222_post|cam.09.00059-2026-03-02T12|m1-m2|22353,mlp_fp,0
20260222_post|cam.09.00062-2026-03-02T12|m1-m2|49319,,0
20260222_post|cam.09.00063-2026-03-02T12|m0-m2|10282,mlp_fp,0
20260222_post|cam.09.00063-2026-03-02T12|m0-m2|83781,anogenital,0
20260222_post|cam.09.00063-2026-03-02T12|m0-m1|4295,double_ledge,0
20260222_post|cam.09.00064-2026-03-02T12|m0-m1|8160,aggression,1
20260222_post|cam.09.00064-2026-03-02T12|m0-m1|10156,mlp_fp,0
20260222_post|cam.09.00064-2026-03-02T12|m0-m1|13015,,0
20260222_post|cam.09.00064-2026-03-02T12|m0-m2|12504,,0
20260222_post|cam.09.00089-2026-03-02T12|m0-m1|38837,mlp_fp,0
20260222_post|cam.09.00089-2026-03-02T12|m0-m1|37883,side_kissing,0
20260222_post|cam.09.00092-2026-03-02T12|m1-m2|78396,aggression,1
20260222_post|cam.09.00094-2026-03-02T12|m0-m1|56902,aggression,1
20260222_post|cam.09.00094-2026-03-02T12|m0-m2|46566,,0
20260222_post|cam.09.00095-2026-03-02T12|m1-m2|33184,mlp_fp,0
20260222_post|cam.09.00096-2026-03-02T12|m0-m1|81696,mlp_fp,0
20260222_post|cam.09.00097-2026-03-02T12|m1-m2|33884,aggression,1
20260222_post|cam.09.00097-2026-03-02T12|m0-m1|77363,mlp_fp,0
20260222_post|cam.09.00097-2026-03-02T12|m1-m2|38126,mlp_fp,0
20260222_post|cam.09.00098-2026-03-02T12|m0-m1|20458,mlp_fp,0
20260222_post|cam.09.00098-2026-03-02T12|m0-m1|60024,,0
20260222_post|cam.09.00098-2026-03-02T12|m1-m2|61832,,0
20260222_post|cam.09.00099-2026-03-02T12|m1-m2|47535,,0
20260222_post|cam.09.00099-2026-03-02T12|m0-m1|17239,,0
20260222_post|cam.09.00100-2026-03-02T12|m1-m2|50347,aggression,1
20260222_post|cam.09.00101-2026-03-02T12|m0-m1|60790,aggression,1
20260222_post|cam.09.00101-2026-03-02T12|m1-m2|47016,mlp_fp,0
20260222_post|cam.09.00101-2026-03-02T12|m0-m1|87663,mlp_fp,0
20260222_post|cam.09.00101-2026-03-02T12|m1-m2|44794,mlp_fp,0
20260222_post|cam.09.00102-2026-03-02T12|m1-m2|8572,mlp_fp,0
20260222_post|cam.09.00105-2026-03-02T12|m0-m1|69500,,0
20260222_post|cam.09.00108-2026-03-02T12|m0-m1|12347,mlp_fp,0
20260222_post|cam.10.00000-2026-03-02T12|m1-m2|48289,mlp_fp,0
20260222_post|cam.10.00000-2026-03-02T12|m1-m2|54495,,0
20260222_post|cam.10.00000-2026-03-02T12|m1-m2|46796,,0
20260222_post|cam.10.00001-2026-03-02T12|m0-m2|66564,bystander_ledge,0
20260222_post|cam.10.00001-2026-03-02T12|m0-m1|12324,,0
20260222_post|cam.10.00003-2026-03-02T12|m0-m1|66515,aggression,1
20260222_post|cam.10.00006-2026-03-02T12|m0-m2|22733,mlp_fp,0
20260222_post|cam.10.00006-2026-03-02T12|m0-m2|31988,mlp_fp,0
20260222_post|cam.10.00006-2026-03-02T12|m0-m1|22654,,0
20260222_post|cam.10.00008-2026-03-02T12|m1-m2|55095,mlp_fp,0
20260222_post|cam.10.00010-2026-03-02T12|m1-m2|34079,aggression,1
20260222_post|cam.10.00010-2026-03-02T12|m0-m1|46142,aggression,1
20260222_post|cam.10.00010-2026-03-02T12|m1-m2|28413,aggression,1
20260222_post|cam.10.00010-2026-03-02T12|m0-m1|43890,bystander_ledge,0
20260222_post|cam.10.00010-2026-03-02T12|m0-m2|6534,,0
20260222_post|cam.10.00011-2026-03-02T12|m0-m2|30345,,0
20260222_post|cam.10.00014-2026-03-02T12|m0-m1|41421,aggression,1
20260222_post|cam.10.00014-2026-03-02T12|m0-m2|44186,aggression,1
20260222_post|cam.10.00014-2026-03-02T12|m0-m1|42047,aggression,1
20260222_post|cam.10.00014-2026-03-02T12|m0-m2|42961,bystander_ledge,0
20260222_post|cam.10.00015-2026-03-02T12|m1-m2|76254,,0
20260222_post|cam.10.00016-2026-03-02T12|m1-m2|26216,,0
20260222_post|cam.10.00049-2026-03-02T12|m0-m2|12886,aggression,1
20260222_post|cam.10.00050-2026-03-02T12|m0-m2|106,bystander_ledge,0
20260222_post|cam.10.00050-2026-03-02T12|m1-m2|22331,bystander_ledge,0
20260222_post|cam.10.00050-2026-03-02T12|m0-m2|80917,bystander_ledge,0
20260222_post|cam.10.00050-2026-03-02T12|m0-m1|30586,,0
20260222_post|cam.10.00051-2026-03-02T12|m1-m2|6642,aggression,1
20260222_post|cam.10.00051-2026-03-02T12|m0-m2|49803,mlp_fp,0
20260222_post|cam.10.00051-2026-03-02T12|m1-m2|62634,,0
20260222_post|cam.10.00052-2026-03-02T12|m0-m1|19256,aggression,1
20260222_post|cam.10.00052-2026-03-02T12|m0-m2|19247,aggression,1
20260222_post|cam.10.00052-2026-03-02T12|m1-m2|5029,side_kissing,0
20260222_post|cam.10.00053-2026-03-02T12|m0-m1|73635,,0
20260222_post|cam.10.00057-2026-03-02T12|m0-m1|86221,aggression,1
20260222_post|cam.10.00057-2026-03-02T12|m0-m2|88774,,0
20260222_post|cam.10.00058-2026-03-02T12|m0-m1|69775,double_ledge,0
20260222_post|cam.10.00059-2026-03-02T12|m0-m2|51517,mlp_fp,0
20260222_post|cam.10.00059-2026-03-02T12|m1-m2|29474,,0
20260222_post|cam.10.00059-2026-03-02T12|m1-m2|22427,,0
20260222_post|cam.10.00060-2026-03-02T12|m1-m2|89593,mlp_fp,0
20260222_post|cam.10.00060-2026-03-02T12|m1-m2|27877,mlp_fp,0
20260222_post|cam.10.00060-2026-03-02T12|m1-m2|77787,bystander_ledge,0
20260222_post|cam.10.00060-2026-03-02T12|m0-m2|15543,,0
20260222_post|cam.10.00061-2026-03-02T12|m1-m2|65382,aggression,1
20260222_post|cam.10.00061-2026-03-02T12|m1-m2|49602,aggression,1
20260222_post|cam.10.00061-2026-03-02T12|m0-m1|38428,bystander_ledge,0
20260222_post|cam.10.00064-2026-03-02T12|m0-m1|1518,,0
20260222_post|cam.10.00094-2026-03-02T12|m1-m2|49526,aggression,1
20260222_post|cam.10.00094-2026-03-02T12|m0-m1|10498,,0
20260222_post|cam.10.00095-2026-03-02T12|m1-m2|2887,aggression,1
20260222_post|cam.10.00095-2026-03-02T12|m0-m2|2957,aggression,1
20260222_post|cam.10.00095-2026-03-02T12|m0-m1|24582,aggression,1
20260222_post|cam.10.00095-2026-03-02T12|m0-m1|42552,,0
20260222_post|cam.10.00095-2026-03-02T12|m0-m1|65856,,0
20260222_post|cam.10.00097-2026-03-02T12|m1-m2|62016,aggression,1
20260222_post|cam.10.00097-2026-03-02T12|m1-m2|16477,aggression,1
20260222_post|cam.10.00098-2026-03-02T12|m0-m1|16631,mlp_fp,0
20260222_post|cam.10.00099-2026-03-02T12|m0-m1|27725,mlp_fp,0
20260222_post|cam.10.00100-2026-03-02T12|m1-m2|56039,bystander_ledge,0
20260222_post|cam.10.00100-2026-03-02T12|m0-m2|46577,,0
20260222_post|cam.10.00101-2026-03-02T12|m0-m2|43514,aggression,1
20260222_post|cam.10.00101-2026-03-02T12|m0-m1|43578,mlp_fp,0
20260222_post|cam.10.00102-2026-03-02T12|m1-m2|17400,aggression,1
20260222_post|cam.10.00102-2026-03-02T12|m0-m1|62530,mlp_fp,0
20260222_post|cam.10.00102-2026-03-02T12|m0-m1|60584,,0
20260222_post|cam.10.00103-2026-03-02T12|m0-m2|71407,aggression,1
20260222_post|cam.10.00103-2026-03-02T12|m0-m2|36919,,0
20260222_post|cam.10.00104-2026-03-02T12|m1-m2|57679,aggression,1
20260222_post|cam.10.00104-2026-03-02T12|m0-m2|33587,,0
20260222_post|cam.10.00107-2026-03-02T12|m0-m2|16119,mlp_fp,0
20260222_post|cam.10.00107-2026-03-02T12|m1-m2|84026,,0
20260222_post|cam.10.00108-2026-03-02T12|m0-m1|40824,,0
20260222_post|cam.11.00000-2026-03-02T12|m0-m2|72473,,0
20260222_post|cam.11.00001-2026-03-02T12|m0-m1|82173,,0
20260222_post|cam.11.00007-2026-03-02T12|m0-m1|54349,aggression,1
20260222_post|cam.11.00014-2026-03-02T12|m0-m2|84936,aggression,1
20260222_post|cam.11.00016-2026-03-02T12|m1-m2|69783,anogenital,0
20260222_post|cam.11.00016-2026-03-02T12|m1-m2|75743,,0
20260222_post|cam.11.00041-2026-03-02T12|m0-m2|61731,,0
20260222_post|cam.11.00042-2026-03-02T12|m1-m2|51345,mlp_fp,0
20260222_post|cam.11.00044-2026-03-02T12|m0-m2|63557,double_ledge,0
20260222_post|cam.11.00044-2026-03-02T12|m1-m2|83978,,0
20260222_post|cam.11.00046-2026-03-02T12|m1-m2|39326,bystander_ledge,0
20260222_post|cam.11.00048-2026-03-02T12|m0-m2|79421,mlp_fp,0
20260222_post|cam.11.00049-2026-03-02T12|m0-m2|89205,mlp_fp,0
20260222_post|cam.11.00051-2026-03-02T12|m0-m2|45511,,0
20260222_post|cam.11.00052-2026-03-02T12|m0-m2|14666,aggression,1
20260222_post|cam.11.00052-2026-03-02T12|m0-m1|79033,aggression,1
20260222_post|cam.11.00052-2026-03-02T12|m0-m1|19796,mlp_fp,0
20260222_post|cam.11.00053-2026-03-02T12|m0-m1|15274,,0
20260222_post|cam.11.00056-2026-03-02T12|m0-m1|475,,0
20260222_post|cam.11.00057-2026-03-02T12|m1-m2|80182,,0
20260222_post|cam.11.00060-2026-03-02T12|m0-m1|6395,aggression,1
20260222_post|cam.11.00064-2026-03-02T12|m0-m1|82182,mlp_fp,0
20260222_post|cam.11.00064-2026-03-02T12|m0-m1|37242,mlp_fp,0
20260222_post|cam.11.00090-2026-03-02T12|m0-m2|55988,aggression,1
20260222_post|cam.11.00090-2026-03-02T12|m0-m1|78275,,0
20260222_post|cam.11.00091-2026-03-02T12|m0-m2|49865,mlp_fp,0
20260222_post|cam.11.00092-2026-03-02T12|m0-m2|8674,mlp_fp,0
20260222_post|cam.11.00094-2026-03-02T12|m0-m1|47560,mlp_fp,0
20260222_post|cam.11.00096-2026-03-02T12|m0-m1|46185,aggression,1
20260222_post|cam.11.00097-2026-03-02T12|m0-m2|23438,,0
20260222_post|cam.11.00097-2026-03-02T12|m0-m2|61276,,0
20260222_post|cam.11.00098-2026-03-02T12|m0-m1|38739,aggression,1
20260222_post|cam.11.00098-2026-03-02T12|m0-m2|11449,aggression,1
20260222_post|cam.11.00098-2026-03-02T12|m0-m2|44638,mlp_fp,0
20260222_post|cam.11.00103-2026-03-02T12|m1-m2|17190,,0
20260222_post|cam.11.00103-2026-03-02T12|m1-m2|82696,,0
20260222_post|cam.11.00103-2026-03-02T12|m0-m2|16514,,0
20260222_post|cam.11.00104-2026-03-02T12|m1-m2|7642,,0
20260222_post|cam.11.00108-2026-03-02T12|m0-m1|5088,,0
20260222_post|cam.11.00108-2026-03-02T12|m0-m1|52487,,0
20260222_post|cam.12.00000-2026-03-02T12|m0-m1|41218,aggression,1
20260222_post|cam.12.00003-2026-03-02T12|m1-m2|3775,,0
20260222_post|cam.12.00005-2026-03-02T12|m0-m2|9011,mlp_fp,0
20260222_post|cam.12.00005-2026-03-02T12|m0-m2|5756,mlp_fp,0
20260222_post|cam.12.00011-2026-03-02T12|m0-m2|69903,mlp_fp,0
20260222_post|cam.12.00013-2026-03-02T12|m0-m2|51944,aggression,1
20260222_post|cam.12.00014-2026-03-02T12|m0-m2|8075,bystander_ledge,0
20260222_post|cam.12.00015-2026-03-02T12|m1-m2|27538,aggression,1
20260222_post|cam.12.00015-2026-03-02T12|m0-m1|29942,aggression,1
20260222_post|cam.12.00015-2026-03-02T12|m0-m2|5323,mlp_fp,0
20260222_post|cam.12.00015-2026-03-02T12|m0-m2|28697,mlp_fp,0
20260222_post|cam.12.00015-2026-03-02T12|m1-m2|5385,grooming,0
20260222_post|cam.12.00050-2026-03-02T12|m0-m2|4658,,0
20260222_post|cam.12.00053-2026-03-02T12|m0-m2|82399,mlp_fp,0
20260222_post|cam.12.00060-2026-03-02T12|m0-m2|53032,,0
20260222_post|cam.12.00064-2026-03-02T12|m0-m2|6319,aggression,1
20260222_post|cam.12.00064-2026-03-02T12|m0-m2|37995,,0
20260222_post|cam.12.00097-2026-03-02T12|m1-m2|37887,,0
20260222_post|cam.12.00097-2026-03-02T12|m0-m1|57806,,0
20260222_post|cam.12.00098-2026-03-02T12|m0-m1|9306,aggression,1
20260222_post|cam.12.00098-2026-03-02T12|m0-m1|58712,aggression,1
20260222_post|cam.12.00098-2026-03-02T12|m1-m2|79210,mlp_fp,0
20260222_post|cam.12.00098-2026-03-02T12|m0-m2|10859,mlp_fp,0
20260222_post|cam.12.00098-2026-03-02T12|m0-m1|55624,mlp_fp,0
20260222_post|cam.12.00098-2026-03-02T12|m0-m1|62974,mlp_fp,0
20260222_post|cam.12.00099-2026-03-02T12|m0-m1|7946,aggression,1
20260222_post|cam.12.00099-2026-03-02T12|m0-m1|12732,mlp_fp,0
20260222_post|cam.12.00099-2026-03-02T12|m0-m1|53023,mlp_fp,0
20260222_post|cam.12.00100-2026-03-02T12|m0-m2|10661,aggression,1
20260222_post|cam.12.00107-2026-03-02T12|m0-m2|80251,,0
20260222_post|cam.13.00000-2026-03-02T12|m0-m2|7174,aggression,1
20260222_post|cam.13.00000-2026-03-02T12|m1-m2|43679,,0
20260222_post|cam.13.00001-2026-03-02T12|m0-m1|668,mlp_fp,0
20260222_post|cam.13.00001-2026-03-02T12|m0-m2|20681,,0
20260222_post|cam.13.00008-2026-03-02T12|m0-m2|75687,,0
20260222_post|cam.13.00009-2026-03-02T12|m0-m2|65295,aggression,1
20260222_post|cam.13.00010-2026-03-02T12|m1-m2|79327,aggression,1
20260222_post|cam.13.00010-2026-03-02T12|m0-m1|35530,aggression,1
20260222_post|cam.13.00010-2026-03-02T12|m0-m1|35689,,0
20260222_post|cam.13.00011-2026-03-02T12|m0-m1|13088,,0
20260222_post|cam.13.00012-2026-03-02T12|m0-m2|61685,aggression,1
20260222_post|cam.13.00012-2026-03-02T12|m0-m1|61713,,0
20260222_post|cam.13.00015-2026-03-02T12|m0-m2|34389,aggression,1
20260222_post|cam.13.00016-2026-03-02T12|m1-m2|21409,aggression,1
20260222_post|cam.13.00016-2026-03-02T12|m0-m1|14498,anogenital,0
20260222_post|cam.13.00046-2026-03-02T12|m0-m2|20883,aggression,1
20260222_post|cam.13.00047-2026-03-02T12|m1-m2|63786,aggression,1
20260222_post|cam.13.00047-2026-03-02T12|m0-m2|66742,aggression,1
20260222_post|cam.13.00047-2026-03-02T12|m0-m1|64098,aggression,1
20260222_post|cam.13.00047-2026-03-02T12|m1-m2|64178,aggression,1
20260222_post|cam.13.00047-2026-03-02T12|m0-m1|40516,mlp_fp,0
20260222_post|cam.13.00047-2026-03-02T12|m0-m1|13906,mlp_fp,0
20260222_post|cam.13.00047-2026-03-02T12|m0-m2|69239,mlp_fp,0
20260222_post|cam.13.00047-2026-03-02T12|m0-m2|63192,mlp_fp,0
20260222_post|cam.13.00048-2026-03-02T12|m1-m2|73362,mlp_fp,0
20260222_post|cam.13.00049-2026-03-02T12|m1-m2|54195,,0
20260222_post|cam.13.00049-2026-03-02T12|m0-m2|69639,,0
20260222_post|cam.13.00050-2026-03-02T12|m0-m1|26222,mlp_fp,0
20260222_post|cam.13.00050-2026-03-02T12|m1-m2|37493,,0
20260222_post|cam.13.00051-2026-03-02T12|m0-m2|24882,aggression,1
20260222_post|cam.13.00051-2026-03-02T12|m0-m1|49640,anogenital,0
20260222_post|cam.13.00051-2026-03-02T12|m0-m2|33972,,0
20260222_post|cam.13.00052-2026-03-02T12|m1-m2|64253,aggression,1
20260222_post|cam.13.00052-2026-03-02T12|m0-m2|80011,aggression,1
20260222_post|cam.13.00052-2026-03-02T12|m0-m2|86754,mlp_fp,0
20260222_post|cam.13.00053-2026-03-02T12|m1-m2|36170,mlp_fp,0
20260222_post|cam.13.00053-2026-03-02T12|m0-m1|42111,double_ledge,0
20260222_post|cam.13.00053-2026-03-02T12|m0-m1|27613,,0
20260222_post|cam.13.00053-2026-03-02T12|m1-m2|3132,,0
20260222_post|cam.13.00053-2026-03-02T12|m0-m1|25015,,0
20260222_post|cam.13.00059-2026-03-02T12|m0-m2|15553,aggression,1
20260222_post|cam.13.00060-2026-03-02T12|m1-m2|43084,,0
20260222_post|cam.13.00062-2026-03-02T12|m0-m2|24133,aggression,1
20260222_post|cam.13.00063-2026-03-02T12|m0-m1|29639,,0
20260222_post|cam.13.00063-2026-03-02T12|m0-m1|20697,,0
20260222_post|cam.13.00064-2026-03-02T12|m0-m2|80991,aggression,1
20260222_post|cam.13.00064-2026-03-02T12|m1-m2|45144,aggression,1
20260222_post|cam.13.00064-2026-03-02T12|m0-m1|19476,,0
20260222_post|cam.13.00091-2026-03-02T12|m0-m1|58701,,0
20260222_post|cam.13.00092-2026-03-02T12|m1-m2|53331,,0
20260222_post|cam.13.00093-2026-03-02T12|m1-m2|65050,bystander_ledge,0
20260222_post|cam.13.00094-2026-03-02T12|m0-m2|26760,aggression,1
20260222_post|cam.13.00097-2026-03-02T12|m0-m2|77067,aggression,1
20260222_post|cam.13.00097-2026-03-02T12|m1-m2|52293,aggression,1
20260222_post|cam.13.00097-2026-03-02T12|m0-m2|72795,mlp_fp,0
20260222_post|cam.13.00097-2026-03-02T12|m0-m1|35705,,0
20260222_post|cam.13.00097-2026-03-02T12|m0-m1|83606,,0
20260222_post|cam.13.00098-2026-03-02T12|m0-m2|83675,mlp_fp,0
20260222_post|cam.13.00098-2026-03-02T12|m0-m1|51164,,0
20260222_post|cam.13.00099-2026-03-02T12|m1-m2|30156,aggression,1
20260222_post|cam.13.00099-2026-03-02T12|m0-m1|704,,0
20260222_post|cam.13.00099-2026-03-02T12|m0-m1|81891,,0
20260222_post|cam.13.00100-2026-03-02T12|m0-m1|53327,,0
20260222_post|cam.13.00102-2026-03-02T12|m1-m2|67144,,0
20260222_post|cam.13.00102-2026-03-02T12|m1-m2|33760,,0
20260222_post|cam.13.00103-2026-03-02T12|m1-m2|62529,aggression,1
20260222_post|cam.13.00103-2026-03-02T12|m1-m2|12324,aggression,1
20260222_post|cam.13.00103-2026-03-02T12|m0-m1|46289,mlp_fp,0
20260222_post|cam.13.00103-2026-03-02T12|m0-m2|80356,mlp_fp,0
20260222_post|cam.13.00103-2026-03-02T12|m0-m1|44177,mlp_fp,0
20260222_post|cam.13.00103-2026-03-02T12|m0-m1|80793,,0
20260222_post|cam.13.00103-2026-03-02T12|m1-m2|30477,,0
20260222_post|cam.13.00107-2026-03-02T12|m1-m2|77820,aggression,1
20260222_post|cam.13.00107-2026-03-02T12|m0-m1|74356,aggression,1
20260222_post|cam.13.00108-2026-03-02T12|m0-m1|38636,aggression,1
20260222_post|cam.14.00000-2026-03-02T12|m0-m2|30644,,0
20260222_post|cam.14.00000-2026-03-02T12|m0-m1|10882,,0
20260222_post|cam.14.00000-2026-03-02T12|m0-m1|44964,,0
20260222_post|cam.14.00002-2026-03-02T12|m0-m2|3339,,0
20260222_post|cam.14.00004-2026-03-02T12|m0-m1|88662,,0
20260222_post|cam.14.00004-2026-03-02T12|m1-m2|65137,,0
20260222_post|cam.14.00006-2026-03-02T12|m0-m1|15528,mlp_fp,0
20260222_post|cam.14.00007-2026-03-02T12|m1-m2|38409,mlp_fp,0
20260222_post|cam.14.00007-2026-03-02T12|m0-m2|24899,,0
20260222_post|cam.14.00009-2026-03-02T12|m0-m1|18024,aggression,1
20260222_post|cam.14.00009-2026-03-02T12|m1-m2|35728,,0
20260222_post|cam.14.00009-2026-03-02T12|m0-m1|62057,,0
20260222_post|cam.14.00009-2026-03-02T12|m0-m2|74464,,0
20260222_post|cam.14.00010-2026-03-02T12|m1-m2|82108,,0
20260222_post|cam.14.00010-2026-03-02T12|m0-m1|36649,,0
20260222_post|cam.14.00011-2026-03-02T12|m1-m2|37234,,0
20260222_post|cam.14.00012-2026-03-02T12|m0-m1|42191,aggression,1
20260222_post|cam.14.00012-2026-03-02T12|m0-m1|5995,,0
20260222_post|cam.14.00013-2026-03-02T12|m0-m2|49690,,0
20260222_post|cam.14.00014-2026-03-02T12|m0-m2|64449,,0
20260222_post|cam.14.00014-2026-03-02T12|m1-m2|32823,,0
20260222_post|cam.14.00015-2026-03-02T12|m0-m1|64001,bystander_ledge,0
20260222_post|cam.14.00015-2026-03-02T12|m0-m2|76026,,0
20260222_post|cam.14.00015-2026-03-02T12|m0-m2|55683,,0
20260222_post|cam.14.00015-2026-03-02T12|m1-m2|77562,,0
20260222_post|cam.14.00043-2026-03-02T12|m0-m1|44638,aggression,1
20260222_post|cam.14.00047-2026-03-02T12|m1-m2|70541,aggression,1
20260222_post|cam.14.00047-2026-03-02T12|m0-m2|66857,,0
20260222_post|cam.14.00048-2026-03-02T12|m0-m2|3485,aggression,1
20260222_post|cam.14.00051-2026-03-02T12|m0-m1|42113,mlp_fp,0
20260222_post|cam.14.00051-2026-03-02T12|m0-m2|38450,mlp_fp,0
20260222_post|cam.14.00051-2026-03-02T12|m0-m1|55127,,0
20260222_post|cam.14.00052-2026-03-02T12|m1-m2|12286,mlp_fp,0
20260222_post|cam.14.00052-2026-03-02T12|m0-m1|66663,,0
20260222_post|cam.14.00053-2026-03-02T12|m0-m2|31074,aggression,1
20260222_post|cam.14.00054-2026-03-02T12|m0-m2|80975,aggression,1
20260222_post|cam.14.00055-2026-03-02T12|m0-m1|52382,mlp_fp,0
20260222_post|cam.14.00055-2026-03-02T12|m0-m2|44825,mlp_fp,0
20260222_post|cam.14.00057-2026-03-02T12|m0-m1|55306,mlp_fp,0
20260222_post|cam.14.00060-2026-03-02T12|m0-m2|45830,aggression,1
20260222_post|cam.14.00060-2026-03-02T12|m0-m1|2021,aggression,1
20260222_post|cam.14.00092-2026-03-02T12|m0-m2|57086,mlp_fp,0
20260222_post|cam.14.00092-2026-03-02T12|m0-m2|58877,anogenital,0
20260222_post|cam.14.00097-2026-03-02T12|m0-m2|79804,aggression,1
20260222_post|cam.14.00097-2026-03-02T12|m1-m2|81053,aggression,1
20260222_post|cam.14.00100-2026-03-02T12|m0-m1|35457,mlp_fp,0
20260222_post|cam.14.00100-2026-03-02T12|m1-m2|40200,mlp_fp,0
20260222_post|cam.14.00100-2026-03-02T12|m1-m2|61858,,0
20260222_post|cam.14.00103-2026-03-02T12|m1-m2|58626,aggression,1
20260222_post|cam.14.00103-2026-03-02T12|m1-m2|10681,mlp_fp,0
20260222_post|cam.14.00103-2026-03-02T12|m0-m1|7839,double_ledge,0
20260222_post|cam.14.00103-2026-03-02T12|m1-m2|80011,,0
20260222_post|cam.14.00103-2026-03-02T12|m1-m2|86749,,0
20260222_post|cam.14.00105-2026-03-02T12|m1-m2|43400,aggression,1
20260222_post|cam.14.00107-2026-03-02T12|m0-m2|40831,mlp_fp,0
20260222_post|cam.14.00107-2026-03-02T12|m0-m2|5091,,0
20260222_post|cam.14.00108-2026-03-02T12|m0-m2|15841,aggression,1
20260222_post|cam.15.00002-2026-03-02T12|m0-m2|71295,aggression,1
20260222_post|cam.15.00002-2026-03-02T12|m1-m2|78971,,0
20260222_post|cam.15.00002-2026-03-02T12|m1-m2|60094,,0
20260222_post|cam.15.00003-2026-03-02T12|m0-m2|37527,aggression,1
20260222_post|cam.15.00004-2026-03-02T12|m1-m2|41607,aggression,1
20260222_post|cam.15.00004-2026-03-02T12|m0-m1|41513,bystander_ledge,0
20260222_post|cam.15.00005-2026-03-02T12|m0-m1|42511,aggression,1
20260222_post|cam.15.00005-2026-03-02T12|m1-m2|73652,aggression,1
20260222_post|cam.15.00005-2026-03-02T12|m1-m2|39139,,0
20260222_post|cam.15.00005-2026-03-02T12|m1-m2|25591,,0
20260222_post|cam.15.00006-2026-03-02T12|m0-m2|61825,aggression,1
20260222_post|cam.15.00006-2026-03-02T12|m1-m2|46072,mlp_fp,0
20260222_post|cam.15.00006-2026-03-02T12|m0-m2|52049,,0
20260222_post|cam.15.00006-2026-03-02T12|m0-m2|45920,,0
20260222_post|cam.15.00009-2026-03-02T12|m0-m1|41244,,0
20260222_post|cam.15.00010-2026-03-02T12|m0-m2|45521,aggression,1
20260222_post|cam.15.00010-2026-03-02T12|m0-m2|48723,aggression,1
20260222_post|cam.15.00010-2026-03-02T12|m1-m2|48750,aggression,1
20260222_post|cam.15.00010-2026-03-02T12|m0-m2|70349,aggression,1
20260222_post|cam.15.00010-2026-03-02T12|m1-m2|32250,mlp_fp,0
20260222_post|cam.15.00010-2026-03-02T12|m0-m1|15803,,0
20260222_post|cam.15.00015-2026-03-02T12|m0-m1|27792,aggression,1
20260222_post|cam.15.00016-2026-03-02T12|m0-m1|26745,aggression,1
20260222_post|cam.15.00045-2026-03-02T12|m1-m2|16888,aggression,1
20260222_post|cam.15.00045-2026-03-02T12|m0-m2|17616,aggression,1
20260222_post|cam.15.00045-2026-03-02T12|m1-m2|49857,,0
20260222_post|cam.15.00045-2026-03-02T12|m1-m2|43216,,0
20260222_post|cam.15.00047-2026-03-02T12|m1-m2|2608,aggression,1
20260222_post|cam.15.00047-2026-03-02T12|m0-m1|4329,aggression,1
20260222_post|cam.15.00048-2026-03-02T12|m0-m2|23282,aggression,1
20260222_post|cam.15.00048-2026-03-02T12|m1-m2|58266,,0
20260222_post|cam.15.00048-2026-03-02T12|m0-m1|89073,,0
20260222_post|cam.15.00049-2026-03-02T12|m1-m2|36675,aggression,1
20260222_post|cam.15.00050-2026-03-02T12|m0-m2|4792,aggression,1
20260222_post|cam.15.00050-2026-03-02T12|m0-m2|6460,mlp_fp,0
20260222_post|cam.15.00051-2026-03-02T12|m1-m2|25609,,0
20260222_post|cam.15.00053-2026-03-02T12|m1-m2|56347,aggression,1
20260222_post|cam.15.00053-2026-03-02T12|m0-m1|72106,aggression,1
20260222_post|cam.15.00053-2026-03-02T12|m0-m1|54976,aggression,1
20260222_post|cam.15.00053-2026-03-02T12|m0-m2|70665,mlp_fp,0
20260222_post|cam.15.00053-2026-03-02T12|m1-m2|88161,,0
20260222_post|cam.15.00053-2026-03-02T12|m1-m2|83178,,0
20260222_post|cam.15.00054-2026-03-02T12|m0-m1|24816,aggression,1
20260222_post|cam.15.00054-2026-03-02T12|m1-m2|42485,mlp_fp,0
20260222_post|cam.15.00054-2026-03-02T12|m0-m1|57365,side_kissing,0
20260222_post|cam.15.00054-2026-03-02T12|m0-m2|63243,,0
20260222_post|cam.15.00054-2026-03-02T12|m0-m2|87254,,0
20260222_post|cam.15.00055-2026-03-02T12|m1-m2|60320,aggression,1
20260222_post|cam.15.00055-2026-03-02T12|m0-m2|86238,aggression,1
20260222_post|cam.15.00055-2026-03-02T12|m1-m2|62027,aggression,1
20260222_post|cam.15.00056-2026-03-02T12|m0-m2|64537,aggression,1
20260222_post|cam.15.00056-2026-03-02T12|m0-m1|74428,aggression,1
20260222_post|cam.15.00058-2026-03-02T12|m1-m2|17755,mlp_fp,0
20260222_post|cam.15.00058-2026-03-02T12|m0-m2|3900,side_kissing,0
20260222_post|cam.15.00062-2026-03-02T12|m0-m2|48431,aggression,1
20260222_post|cam.15.00062-2026-03-02T12|m0-m2|35555,,0
20260222_post|cam.15.00063-2026-03-02T12|m1-m2|36229,aggression,1
20260222_post|cam.15.00064-2026-03-02T12|m1-m2|20115,mlp_fp,0
20260222_post|cam.15.00064-2026-03-02T12|m1-m2|62898,,0
20260222_post|cam.15.00090-2026-03-02T12|m0-m2|73999,,0
20260222_post|cam.15.00091-2026-03-02T12|m0-m2|29640,,0
20260222_post|cam.15.00091-2026-03-02T12|m1-m2|24604,,0
20260222_post|cam.15.00092-2026-03-02T12|m0-m1|46371,aggression,1
20260222_post|cam.15.00092-2026-03-02T12|m0-m1|49560,mlp_fp,0
20260222_post|cam.15.00092-2026-03-02T12|m0-m2|3308,mlp_fp,0
20260222_post|cam.15.00092-2026-03-02T12|m0-m2|47187,,0
20260222_post|cam.15.00093-2026-03-02T12|m1-m2|12391,aggression,1
20260222_post|cam.15.00093-2026-03-02T12|m1-m2|12621,,0
20260222_post|cam.15.00093-2026-03-02T12|m1-m2|611,,0
20260222_post|cam.15.00095-2026-03-02T12|m0-m1|56457,aggression,1
20260222_post|cam.15.00095-2026-03-02T12|m1-m2|56377,aggression,1
20260222_post|cam.15.00095-2026-03-02T12|m1-m2|50295,mlp_fp,0
20260222_post|cam.15.00095-2026-03-02T12|m0-m1|75556,mlp_fp,0
20260222_post|cam.15.00097-2026-03-02T12|m0-m2|69082,aggression,1
20260222_post|cam.15.00097-2026-03-02T12|m1-m2|88527,aggression,1
20260222_post|cam.15.00098-2026-03-02T12|m0-m2|38584,aggression,1
20260222_post|cam.15.00098-2026-03-02T12|m0-m2|24948,,0
20260222_post|cam.15.00100-2026-03-02T12|m1-m2|26154,aggression,1
20260222_post|cam.15.00100-2026-03-02T12|m0-m1|1364,aggression,1
20260222_post|cam.15.00100-2026-03-02T12|m0-m1|38941,,0
20260222_post|cam.15.00101-2026-03-02T12|m1-m2|1447,side_kissing,0
20260222_post|cam.15.00101-2026-03-02T12|m0-m2|46447,bystander_ledge,0
20260222_post|cam.15.00101-2026-03-02T12|m0-m2|63773,,0
20260222_post|cam.15.00102-2026-03-02T12|m0-m2|70944,aggression,1
20260222_post|cam.15.00103-2026-03-02T12|m0-m1|76012,mounting,0
20260222_post|cam.15.00103-2026-03-02T12|m0-m2|28189,,0
20260222_post|cam.15.00103-2026-03-02T12|m1-m2|81774,,0
20260222_post|cam.15.00104-2026-03-02T12|m0-m1|21628,aggression,1
20260222_post|cam.15.00104-2026-03-02T12|m0-m1|12404,,0
20260222_post|cam.15.00104-2026-03-02T12|m1-m2|63020,,0
20260222_post|cam.15.00106-2026-03-02T12|m0-m2|25686,mlp_fp,0
20260222_post|cam.15.00108-2026-03-02T12|m0-m1|833,aggression,1
20260222_pre|cam.09.00000-2026-02-16T15|m1-m2|58525,double_ledge,0
20260222_pre|cam.09.00002-2026-02-16T15|m0-m1|46659,mlp_fp,0
20260222_pre|cam.09.00004-2026-02-16T15|m0-m1|45367,,0
20260222_pre|cam.09.00007-2026-02-16T15|m1-m2|55755,aggression,1
20260222_pre|cam.09.00035-2026-02-16T15|m0-m1|44076,grooming,0
20260222_pre|cam.09.00042-2026-02-16T15|m1-m2|71987,aggression,1
20260222_pre|cam.09.00042-2026-02-16T15|m1-m2|18367,aggression,1
20260222_pre|cam.09.00042-2026-02-16T15|m1-m2|42222,mlp_fp,0
20260222_pre|cam.09.00046-2026-02-16T15|m0-m2|75504,,0
20260222_pre|cam.09.00051-2026-02-16T15|m0-m2|64286,side_kissing,0
20260222_pre|cam.09.00088-2026-02-16T15|m0-m2|88183,,0
20260222_pre|cam.09.00095-2026-02-16T15|m1-m2|52400,mlp_fp,0
20260222_pre|cam.09.00095-2026-02-16T15|m1-m2|8828,double_ledge,0
20260222_pre|cam.09.00095-2026-02-16T15|m0-m1|87377,,0
20260222_pre|cam.09.00100-2026-02-16T15|m0-m2|35911,grooming,0
20260222_pre|cam.09.00103-2026-02-16T15|m0-m1|36515,mlp_fp,0
20260222_pre|cam.09.00139-2026-02-16T15|m0-m1|41788,,0
20260222_pre|cam.09.00140-2026-02-16T15|m0-m1|48161,anogenital,0
20260222_pre|cam.09.00141-2026-02-16T15|m1-m2|75668,grooming,0
20260222_pre|cam.09.00141-2026-02-16T15|m1-m2|5716,bystander_ledge,0
20260222_pre|cam.09.00143-2026-02-16T15|m1-m2|50165,aggression,1
20260222_pre|cam.09.00143-2026-02-16T15|m1-m2|50559,aggression,1
20260222_pre|cam.09.00143-2026-02-16T15|m0-m2|51191,aggression,1
20260222_pre|cam.09.00180-2026-02-16T15|m0-m1|12186,mlp_fp,0
20260222_pre|cam.09.00183-2026-02-16T15|m0-m1|52245,bystander_ledge,0
20260222_pre|cam.09.00186-2026-02-16T15|m0-m1|36530,aggression,1
20260222_pre|cam.09.00194-2026-02-16T15|m1-m2|45487,side_kissing,0
20260222_pre|cam.09.00194-2026-02-16T15|m0-m2|45701,,0
20260222_pre|cam.09.00200-2026-02-16T15|m1-m2|18094,,0
20260222_pre|cam.09.00201-2026-02-16T15|m0-m2|45029,mlp_fp,0
20260222_pre|cam.09.00238-2026-02-16T15|m1-m2|4635,mlp_fp,0
20260222_pre|cam.09.00241-2026-02-16T15|m0-m2|55227,double_ledge,0
20260222_pre|cam.09.00245-2026-02-16T15|m0-m2|11025,anogenital,0
20260222_pre|cam.09.00248-2026-02-16T15|m0-m1|25297,mlp_fp,0
20260222_pre|cam.09.00274-2026-02-16T15|m0-m2|51415,mlp_fp,0
20260222_pre|cam.10.00002-2026-02-16T15|m0-m2|56665,aggression,1
20260222_pre|cam.10.00004-2026-02-16T15|m0-m2|54731,double_ledge,0
20260222_pre|cam.10.00005-2026-02-16T15|m1-m2|78765,aggression,1
20260222_pre|cam.10.00005-2026-02-16T15|m1-m2|43138,mlp_fp,0
20260222_pre|cam.10.00005-2026-02-16T15|m1-m2|6241,bystander_ledge,0
20260222_pre|cam.10.00005-2026-02-16T15|m0-m1|37161,,0
20260222_pre|cam.10.00037-2026-02-16T15|m0-m2|80504,aggression,1
20260222_pre|cam.10.00041-2026-02-16T15|m1-m2|30253,bystander_ledge,0
20260222_pre|cam.10.00042-2026-02-16T15|m1-m2|25728,aggression,1
20260222_pre|cam.10.00042-2026-02-16T15|m0-m1|15725,,0
20260222_pre|cam.10.00042-2026-02-16T15|m0-m1|48419,,0
20260222_pre|cam.10.00045-2026-02-16T15|m0-m1|27016,,0
20260222_pre|cam.10.00046-2026-02-16T15|m1-m2|28831,bystander_ledge,0
20260222_pre|cam.10.00048-2026-02-16T15|m0-m2|51291,,0
20260222_pre|cam.10.00051-2026-02-16T15|m0-m1|77604,aggression,1
20260222_pre|cam.10.00051-2026-02-16T15|m0-m2|35755,bystander_ledge,0
20260222_pre|cam.10.00052-2026-02-16T15|m0-m1|89504,,0
20260222_pre|cam.10.00053-2026-02-16T15|m1-m2|67192,bystander_ledge,0
20260222_pre|cam.10.00054-2026-02-16T15|m0-m2|61494,grooming,0
20260222_pre|cam.10.00055-2026-02-16T15|m1-m2|37870,bystander_ledge,0
20260222_pre|cam.10.00056-2026-02-16T15|m1-m2|32781,aggression,1
20260222_pre|cam.10.00056-2026-02-16T15|m0-m2|45254,aggression,1
20260222_pre|cam.10.00088-2026-02-16T15|m0-m1|39123,mlp_fp,0
20260222_pre|cam.10.00089-2026-02-16T15|m1-m2|74305,bystander_ledge,0
20260222_pre|cam.10.00089-2026-02-16T15|m0-m2|55556,,0
20260222_pre|cam.10.00092-2026-02-16T15|m0-m2|20634,mounting,0
20260222_pre|cam.10.00092-2026-02-16T15|m1-m2|20625,mounting,0
20260222_pre|cam.10.00095-2026-02-16T15|m0-m1|43742,mlp_fp,0
20260222_pre|cam.10.00095-2026-02-16T15|m0-m1|44062,bystander_ledge,0
20260222_pre|cam.10.00096-2026-02-16T15|m0-m1|59496,aggression,1
20260222_pre|cam.10.00096-2026-02-16T15|m0-m1|29039,,0
20260222_pre|cam.10.00096-2026-02-16T15|m0-m1|116,,0
20260222_pre|cam.10.00097-2026-02-16T15|m0-m2|38837,mlp_fp,0
20260222_pre|cam.10.00097-2026-02-16T15|m1-m2|53764,mlp_fp,0
20260222_pre|cam.10.00097-2026-02-16T15|m0-m1|81471,,0
20260222_pre|cam.10.00098-2026-02-16T15|m0-m1|73606,anogenital,0
20260222_pre|cam.10.00099-2026-02-16T15|m0-m2|4448,mlp_fp,0
20260222_pre|cam.10.00100-2026-02-16T15|m1-m2|22000,,0
20260222_pre|cam.10.00100-2026-02-16T15|m0-m2|66129,,0
20260222_pre|cam.10.00100-2026-02-16T15|m1-m2|60271,,0
20260222_pre|cam.10.00101-2026-02-16T15|m1-m2|1841,aggression,1
20260222_pre|cam.10.00101-2026-02-16T15|m1-m2|74161,mlp_fp,0
20260222_pre|cam.10.00134-2026-02-16T15|m0-m2|59243,,0
20260222_pre|cam.10.00136-2026-02-16T15|m0-m1|3646,,0
20260222_pre|cam.10.00137-2026-02-16T15|m1-m2|2287,,0
20260222_pre|cam.10.00140-2026-02-16T15|m0-m2|81624,aggression,1
20260222_pre|cam.10.00140-2026-02-16T15|m1-m2|23219,bystander_ledge,0
20260222_pre|cam.10.00141-2026-02-16T15|m0-m1|80593,anogenital,0
20260222_pre|cam.10.00142-2026-02-16T15|m1-m2|67131,aggression,1
20260222_pre|cam.10.00144-2026-02-16T15|m0-m1|66089,mlp_fp,0
20260222_pre|cam.10.00145-2026-02-16T15|m1-m2|86349,,0
20260222_pre|cam.10.00145-2026-02-16T15|m0-m2|62427,,0
20260222_pre|cam.10.00146-2026-02-16T15|m0-m1|62643,bystander_ledge,0
20260222_pre|cam.10.00147-2026-02-16T15|m0-m2|84207,,0
20260222_pre|cam.10.00148-2026-02-16T15|m0-m2|51491,aggression,1
20260222_pre|cam.10.00148-2026-02-16T15|m0-m1|24753,aggression,1
20260222_pre|cam.10.00148-2026-02-16T15|m1-m2|71981,,0
20260222_pre|cam.10.00149-2026-02-16T15|m0-m1|71157,bystander_ledge,0
20260222_pre|cam.10.00182-2026-02-16T15|m0-m2|52043,anogenital,0
20260222_pre|cam.10.00185-2026-02-16T15|m0-m1|4747,,0
20260222_pre|cam.10.00186-2026-02-16T15|m1-m2|50804,,0
20260222_pre|cam.10.00190-2026-02-16T15|m1-m2|52716,mlp_fp,0
20260222_pre|cam.10.00192-2026-02-16T15|m0-m1|76939,aggression,1
20260222_pre|cam.10.00192-2026-02-16T15|m0-m1|39155,,0
20260222_pre|cam.10.00193-2026-02-16T15|m1-m2|88990,,0
20260222_pre|cam.10.00194-2026-02-16T15|m0-m1|14504,mlp_fp,0
20260222_pre|cam.10.00195-2026-02-16T15|m1-m2|60436,aggression,1
20260222_pre|cam.10.00196-2026-02-16T15|m1-m2|4202,aggression,1
20260222_pre|cam.10.00198-2026-02-16T15|m1-m2|89605,mlp_fp,0
20260222_pre|cam.10.00199-2026-02-16T15|m0-m2|8851,mlp_fp,0
20260222_pre|cam.10.00199-2026-02-16T15|m0-m2|63597,,0
20260222_pre|cam.10.00200-2026-02-16T15|m0-m2|75925,,0
20260222_pre|cam.10.00201-2026-02-16T15|m1-m2|87400,mlp_fp,0
20260222_pre|cam.10.00202-2026-02-16T15|m0-m2|1585,,0
20260222_pre|cam.10.00229-2026-02-16T15|m1-m2|36390,aggression,1
20260222_pre|cam.10.00234-2026-02-16T15|m1-m2|81186,side_kissing,0
20260222_pre|cam.10.00234-2026-02-16T15|m0-m2|45592,side_kissing,0
20260222_pre|cam.10.00235-2026-02-16T15|m1-m2|31031,mlp_fp,0
20260222_pre|cam.10.00235-2026-02-16T15|m0-m1|43896,,0
20260222_pre|cam.10.00235-2026-02-16T15|m0-m2|49584,,0
20260222_pre|cam.10.00236-2026-02-16T15|m0-m2|38035,side_kissing,0
20260222_pre|cam.10.00237-2026-02-16T15|m0-m1|88287,aggression,1
20260222_pre|cam.10.00239-2026-02-16T15|m0-m2|25597,aggression,1
20260222_pre|cam.10.00239-2026-02-16T15|m0-m2|1584,side_kissing,0
20260222_pre|cam.10.00239-2026-02-16T15|m0-m2|4816,side_kissing,0
20260222_pre|cam.10.00246-2026-02-16T15|m0-m1|11045,,0
20260222_pre|cam.10.00247-2026-02-16T15|m0-m2|87921,,0
20260222_pre|cam.10.00248-2026-02-16T15|m0-m1|43512,mlp_fp,0
20260222_pre|cam.10.00248-2026-02-16T15|m0-m1|78395,,0
20260222_pre|cam.10.00249-2026-02-16T15|m1-m2|47893,anogenital,0
20260222_pre|cam.10.00250-2026-02-16T15|m0-m2|6141,aggression,1
20260222_pre|cam.10.00250-2026-02-16T15|m1-m2|3916,aggression,1
20260222_pre|cam.10.00277-2026-02-16T15|m1-m2|28291,,0
20260222_pre|cam.10.00278-2026-02-16T15|m0-m2|34273,aggression,1
20260222_pre|cam.10.00279-2026-02-16T15|m1-m2|6356,mlp_fp,0
20260222_pre|cam.10.00282-2026-02-16T15|m0-m2|65585,aggression,1
20260222_pre|cam.10.00282-2026-02-16T15|m1-m2|73382,bystander_ledge,0
20260222_pre|cam.10.00282-2026-02-16T15|m0-m1|17935,double_ledge,0
20260222_pre|cam.10.00284-2026-02-16T15|m1-m2|76675,aggression,1
20260222_pre|cam.11.00000-2026-02-16T15|m0-m2|84441,,0
20260222_pre|cam.11.00010-2026-02-16T15|m0-m2|21505,mlp_fp,0
20260222_pre|cam.11.00036-2026-02-16T15|m0-m1|81237,,0
20260222_pre|cam.11.00037-2026-02-16T15|m0-m2|69787,aggression,1
20260222_pre|cam.11.00037-2026-02-16T15|m0-m2|50270,,0
20260222_pre|cam.11.00037-2026-02-16T15|m1-m2|21856,,0
20260222_pre|cam.11.00041-2026-02-16T15|m0-m1|29044,mlp_fp,0
20260222_pre|cam.11.00042-2026-02-16T15|m0-m2|11243,,0
20260222_pre|cam.11.00046-2026-02-16T15|m1-m2|88731,,0
20260222_pre|cam.11.00046-2026-02-16T15|m0-m2|39949,,0
20260222_pre|cam.11.00046-2026-02-16T15|m0-m1|61095,,0
20260222_pre|cam.11.00046-2026-02-16T15|m0-m1|26565,,0
20260222_pre|cam.11.00047-2026-02-16T15|m1-m2|2735,bystander_ledge,0
20260222_pre|cam.11.00047-2026-02-16T15|m0-m1|62850,,0
20260222_pre|cam.11.00049-2026-02-16T15|m0-m1|62539,aggression,1
20260222_pre|cam.11.00084-2026-02-16T15|m0-m1|83933,mlp_fp,0
20260222_pre|cam.11.00088-2026-02-16T15|m0-m1|7325,,0
20260222_pre|cam.11.00089-2026-02-16T15|m1-m2|89606,aggression,1
20260222_pre|cam.11.00089-2026-02-16T15|m0-m2|32579,,0
20260222_pre|cam.11.00090-2026-02-16T15|m0-m1|81848,mlp_fp,0
20260222_pre|cam.11.00094-2026-02-16T15|m0-m2|85770,mlp_fp,0
20260222_pre|cam.11.00104-2026-02-16T15|m0-m1|31378,aggression,1
20260222_pre|cam.11.00104-2026-02-16T15|m0-m2|18041,,0
20260222_pre|cam.11.00133-2026-02-16T15|m1-m2|72741,,0
20260222_pre|cam.11.00134-2026-02-16T15|m1-m2|28695,mlp_fp,0
20260222_pre|cam.11.00134-2026-02-16T15|m0-m2|16840,,0
20260222_pre|cam.11.00135-2026-02-16T15|m1-m2|69269,aggression,1
20260222_pre|cam.11.00135-2026-02-16T15|m0-m1|40640,,0
20260222_pre|cam.11.00136-2026-02-16T15|m0-m2|80676,mlp_fp,0
20260222_pre|cam.11.00138-2026-02-16T15|m0-m2|69103,aggression,1
20260222_pre|cam.11.00138-2026-02-16T15|m0-m1|42450,mlp_fp,0
20260222_pre|cam.11.00142-2026-02-16T15|m0-m2|28288,aggression,1
20260222_pre|cam.11.00142-2026-02-16T15|m1-m2|18419,aggression,1
20260222_pre|cam.11.00143-2026-02-16T15|m0-m1|21180,aggression,1
20260222_pre|cam.11.00145-2026-02-16T15|m0-m1|9092,mlp_fp,0
20260222_pre|cam.11.00153-2026-02-16T15|m0-m2|16954,mlp_fp,0
20260222_pre|cam.11.00185-2026-02-16T15|m0-m2|88811,aggression,1
20260222_pre|cam.11.00185-2026-02-16T15|m0-m1|63975,anogenital,0
20260222_pre|cam.11.00186-2026-02-16T15|m0-m1|65907,,0
20260222_pre|cam.11.00187-2026-02-16T15|m0-m2|29251,,0
20260222_pre|cam.11.00188-2026-02-16T15|m1-m2|28092,mlp_fp,0
20260222_pre|cam.11.00191-2026-02-16T15|m0-m2|5045,,0
20260222_pre|cam.11.00229-2026-02-16T15|m0-m2|89034,double_ledge,0
20260222_pre|cam.11.00230-2026-02-16T15|m0-m2|40661,,0
20260222_pre|cam.11.00232-2026-02-16T15|m0-m2|50319,mlp_fp,0
20260222_pre|cam.11.00233-2026-02-16T15|m1-m2|16240,,0
20260222_pre|cam.11.00235-2026-02-16T15|m0-m2|35164,mlp_fp,0
20260222_pre|cam.11.00235-2026-02-16T15|m1-m2|12971,mlp_fp,0
20260222_pre|cam.11.00236-2026-02-16T15|m0-m2|29457,anogenital,0
20260222_pre|cam.11.00238-2026-02-16T15|m0-m2|35285,aggression,1
20260222_pre|cam.11.00249-2026-02-16T15|m0-m1|63872,aggression,1
20260222_pre|cam.11.00249-2026-02-16T15|m0-m2|43045,mlp_fp,0
20260222_pre|cam.11.00249-2026-02-16T15|m1-m2|13878,,0
20260222_pre|cam.11.00277-2026-02-16T15|m0-m1|2265,,0
20260222_pre|cam.11.00282-2026-02-16T15|m0-m2|33445,aggression,1
20260222_pre|cam.11.00282-2026-02-16T15|m0-m2|74533,double_ledge,0
20260222_pre|cam.11.00282-2026-02-16T15|m1-m2|70587,,0
20260222_pre|cam.11.00283-2026-02-16T15|m1-m2|45060,aggression,1
20260222_pre|cam.12.00000-2026-02-16T15|m0-m2|74599,,0
20260222_pre|cam.12.00007-2026-02-16T15|m0-m2|55154,anogenital,0
20260222_pre|cam.12.00035-2026-02-16T15|m1-m2|47129,,0
20260222_pre|cam.12.00043-2026-02-16T15|m0-m1|43697,aggression,1
20260222_pre|cam.12.00046-2026-02-16T15|m0-m2|48659,bystander_ledge,0
20260222_pre|cam.12.00046-2026-02-16T15|m0-m2|65150,double_ledge,0
20260222_pre|cam.12.00047-2026-02-16T15|m1-m2|45902,,0
20260222_pre|cam.12.00047-2026-02-16T15|m0-m1|64471,,0
20260222_pre|cam.12.00047-2026-02-16T15|m1-m2|89412,,0
20260222_pre|cam.12.00048-2026-02-16T15|m1-m2|68512,aggression,1
20260222_pre|cam.12.00048-2026-02-16T15|m1-m2|34278,,0
20260222_pre|cam.12.00049-2026-02-16T15|m1-m2|70279,aggression,1
20260222_pre|cam.12.00051-2026-02-16T15|m0-m1|1871,,0
20260222_pre|cam.12.00055-2026-02-16T15|m1-m2|26807,,0
20260222_pre|cam.12.00056-2026-02-16T15|m1-m2|52575,mlp_fp,0
20260222_pre|cam.12.00057-2026-02-16T15|m0-m1|46310,mlp_fp,0
20260222_pre|cam.12.00057-2026-02-16T15|m1-m2|22740,side_kissing,0
20260222_pre|cam.12.00058-2026-02-16T15|m1-m2|763,mlp_fp,0
20260222_pre|cam.12.00058-2026-02-16T15|m0-m1|14310,,0
20260222_pre|cam.12.00094-2026-02-16T15|m0-m1|82881,aggression,1
20260222_pre|cam.12.00094-2026-02-16T15|m1-m2|32815,mlp_fp,0
20260222_pre|cam.12.00096-2026-02-16T15|m0-m1|4197,bystander_ledge,0
20260222_pre|cam.12.00096-2026-02-16T15|m0-m2|47924,,0
20260222_pre|cam.12.00099-2026-02-16T15|m0-m1|44485,aggression,1
20260222_pre|cam.12.00099-2026-02-16T15|m0-m1|14798,grooming,0
20260222_pre|cam.12.00102-2026-02-16T15|m1-m2|89806,,0
20260222_pre|cam.12.00104-2026-02-16T15|m1-m2|49810,anogenital,0
20260222_pre|cam.12.00138-2026-02-16T15|m1-m2|1029,,0
20260222_pre|cam.12.00141-2026-02-16T15|m0-m1|21297,aggression,1
20260222_pre|cam.12.00143-2026-02-16T15|m0-m2|9068,,0
20260222_pre|cam.12.00144-2026-02-16T15|m0-m1|21413,,0
20260222_pre|cam.12.00146-2026-02-16T15|m0-m1|43739,aggression,1
20260222_pre|cam.12.00146-2026-02-16T15|m0-m1|47334,aggression,1
20260222_pre|cam.12.00146-2026-02-16T15|m0-m1|21432,grooming,0
20260222_pre|cam.12.00153-2026-02-16T15|m0-m2|20874,grooming,0
20260222_pre|cam.12.00153-2026-02-16T15|m0-m1|20881,grooming,0
20260222_pre|cam.12.00186-2026-02-16T15|m1-m2|45596,,0
20260222_pre|cam.12.00187-2026-02-16T15|m1-m2|27419,bystander_ledge,0
20260222_pre|cam.12.00192-2026-02-16T15|m0-m2|38299,mlp_fp,0
20260222_pre|cam.12.00192-2026-02-16T15|m0-m1|44004,,0
20260222_pre|cam.12.00196-2026-02-16T15|m0-m2|84524,aggression,1
20260222_pre|cam.12.00196-2026-02-16T15|m0-m1|84433,mlp_fp,0
20260222_pre|cam.12.00197-2026-02-16T15|m0-m1|24044,mlp_fp,0
20260222_pre|cam.12.00198-2026-02-16T15|m0-m1|8122,,0
20260222_pre|cam.12.00199-2026-02-16T15|m0-m2|53981,aggression,1
20260222_pre|cam.12.00201-2026-02-16T15|m0-m2|32817,aggression,1
20260222_pre|cam.12.00201-2026-02-16T15|m0-m2|32174,,0
20260222_pre|cam.12.00228-2026-02-16T15|m0-m1|8171,,0
20260222_pre|cam.12.00236-2026-02-16T15|m0-m2|46277,mlp_fp,0
20260222_pre|cam.12.00236-2026-02-16T15|m0-m1|78878,anogenital,0
20260222_pre|cam.12.00238-2026-02-16T15|m0-m1|63059,aggression,1
20260222_pre|cam.12.00242-2026-02-16T15|m1-m2|74983,,0
20260222_pre|cam.12.00275-2026-02-16T15|m0-m1|38285,,0
20260222_pre|cam.12.00278-2026-02-16T15|m0-m2|41456,,0
20260222_pre|cam.12.00279-2026-02-16T15|m1-m2|79520,,0
20260222_pre|cam.12.00279-2026-02-16T15|m0-m1|77828,,0
20260222_pre|cam.12.00282-2026-02-16T15|m0-m1|59684,aggression,1
20260222_pre|cam.12.00282-2026-02-16T15|m0-m2|7191,anogenital,0
20260222_pre|cam.12.00282-2026-02-16T15|m1-m2|19224,,0
20260222_pre|cam.12.00282-2026-02-16T15|m1-m2|44993,,0
20260222_pre|cam.12.00282-2026-02-16T15|m1-m2|25830,,0
20260222_pre|cam.12.00283-2026-02-16T15|m0-m1|66949,,0
20260222_pre|cam.12.00284-2026-02-16T15|m0-m1|86650,,0
20260222_pre|cam.13.00009-2026-02-16T15|m0-m1|56256,aggression,1
20260222_pre|cam.13.00037-2026-02-16T15|m0-m2|77895,,0
20260222_pre|cam.13.00040-2026-02-16T15|m0-m2|57994,grooming,0
20260222_pre|cam.13.00041-2026-02-16T15|m0-m1|81783,aggression,1
20260222_pre|cam.13.00042-2026-02-16T15|m0-m1|37731,mlp_fp,0
20260222_pre|cam.13.00042-2026-02-16T15|m0-m2|78259,,0
20260222_pre|cam.13.00045-2026-02-16T15|m0-m1|17187,mlp_fp,0
20260222_pre|cam.13.00045-2026-02-16T15|m1-m2|1201,,0
20260222_pre|cam.13.00045-2026-02-16T15|m0-m2|60113,,0
20260222_pre|cam.13.00046-2026-02-16T15|m0-m1|17420,aggression,1
20260222_pre|cam.13.00046-2026-02-16T15|m0-m1|47669,bystander_ledge,0
20260222_pre|cam.13.00048-2026-02-16T15|m0-m1|56706,aggression,1
20260222_pre|cam.13.00054-2026-02-16T15|m0-m2|37215,,0
20260222_pre|cam.13.00056-2026-02-16T15|m1-m2|70995,aggression,1
20260222_pre|cam.13.00056-2026-02-16T15|m0-m1|19053,double_ledge,0
20260222_pre|cam.13.00056-2026-02-16T15|m0-m1|20861,,0
20260222_pre|cam.13.00057-2026-02-16T15|m0-m1|84496,aggression,1
20260222_pre|cam.13.00057-2026-02-16T15|m0-m1|40682,,0
20260222_pre|cam.13.00057-2026-02-16T15|m0-m2|38341,,0
20260222_pre|cam.13.00088-2026-02-16T15|m1-m2|48984,,0
20260222_pre|cam.13.00090-2026-02-16T15|m0-m1|7270,aggression,1
20260222_pre|cam.13.00093-2026-02-16T15|m0-m1|4219,mlp_fp,0
20260222_pre|cam.13.00093-2026-02-16T15|m1-m2|57044,mlp_fp,0
20260222_pre|cam.13.00095-2026-02-16T15|m1-m2|32144,aggression,1
20260222_pre|cam.13.00095-2026-02-16T15|m0-m1|32094,mlp_fp,0
20260222_pre|cam.13.00097-2026-02-16T15|m0-m1|82046,aggression,1
20260222_pre|cam.13.00097-2026-02-16T15|m0-m2|66632,mlp_fp,0
20260222_pre|cam.13.00097-2026-02-16T15|m0-m2|64863,,0
20260222_pre|cam.13.00103-2026-02-16T15|m0-m2|706,aggression,1
20260222_pre|cam.13.00103-2026-02-16T15|m0-m1|733,aggression,1
20260222_pre|cam.13.00105-2026-02-16T15|m0-m1|42650,mlp_fp,0
20260222_pre|cam.13.00105-2026-02-16T15|m0-m2|10776,,0
20260222_pre|cam.13.00106-2026-02-16T15|m0-m2|11667,bystander_ledge,0
20260222_pre|cam.13.00134-2026-02-16T15|m1-m2|59234,aggression,1
20260222_pre|cam.13.00137-2026-02-16T15|m0-m1|22681,,0
20260222_pre|cam.13.00141-2026-02-16T15|m0-m2|69004,mlp_fp,0
20260222_pre|cam.13.00142-2026-02-16T15|m1-m2|89508,aggression,1
20260222_pre|cam.13.00142-2026-02-16T15|m0-m2|49134,anogenital,0
20260222_pre|cam.13.00144-2026-02-16T15|m1-m2|55349,,0
20260222_pre|cam.13.00153-2026-02-16T15|m0-m2|87412,mlp_fp,0
20260222_pre|cam.13.00154-2026-02-16T15|m1-m2|5022,mlp_fp,0
20260222_pre|cam.13.00183-2026-02-16T15|m0-m1|43439,,0
20260222_pre|cam.13.00184-2026-02-16T15|m0-m2|61444,aggression,1
20260222_pre|cam.13.00186-2026-02-16T15|m1-m2|52324,bystander_ledge,0
20260222_pre|cam.13.00187-2026-02-16T15|m0-m2|30392,aggression,1
20260222_pre|cam.13.00187-2026-02-16T15|m0-m2|32272,aggression,1
20260222_pre|cam.13.00187-2026-02-16T15|m1-m2|32258,aggression,1
20260222_pre|cam.13.00188-2026-02-16T15|m1-m2|73068,,0
20260222_pre|cam.13.00189-2026-02-16T15|m0-m2|74163,double_ledge,0
20260222_pre|cam.13.00190-2026-02-16T15|m1-m2|49044,mlp_fp,0
20260222_pre|cam.13.00190-2026-02-16T15|m0-m2|51590,grooming,0
20260222_pre|cam.13.00191-2026-02-16T15|m1-m2|38645,mlp_fp,0
20260222_pre|cam.13.00191-2026-02-16T15|m0-m2|73811,grooming,0
20260222_pre|cam.13.00191-2026-02-16T15|m0-m2|40086,,0
20260222_pre|cam.13.00192-2026-02-16T15|m0-m1|39134,aggression,1
20260222_pre|cam.13.00229-2026-02-16T15|m0-m2|16041,mlp_fp,0
20260222_pre|cam.13.00229-2026-02-16T15|m1-m2|83644,anogenital,0
20260222_pre|cam.13.00233-2026-02-16T15|m0-m1|14151,mlp_fp,0
20260222_pre|cam.13.00233-2026-02-16T15|m0-m2|23894,,0
20260222_pre|cam.13.00233-2026-02-16T15|m1-m2|78253,,0
20260222_pre|cam.13.00234-2026-02-16T15|m0-m1|12117,mlp_fp,0
20260222_pre|cam.13.00237-2026-02-16T15|m0-m2|59715,aggression,1
20260222_pre|cam.13.00237-2026-02-16T15|m0-m2|76002,aggression,1
20260222_pre|cam.13.00239-2026-02-16T15|m0-m2|35645,,0
20260222_pre|cam.13.00249-2026-02-16T15|m0-m1|68170,aggression,1
20260222_pre|cam.13.00250-2026-02-16T15|m0-m2|14137,mlp_fp,0
20260222_pre|cam.13.00276-2026-02-16T15|m0-m2|65266,,0
20260222_pre|cam.13.00282-2026-02-16T15|m0-m1|9551,mlp_fp,0
20260222_pre|cam.13.00283-2026-02-16T15|m1-m2|67640,aggression,1
20260222_pre|cam.13.00284-2026-02-16T15|m0-m1|84453,,0
20260222_pre|cam.14.00000-2026-02-16T15|m0-m1|2917,,0
20260222_pre|cam.14.00002-2026-02-16T15|m1-m2|75253,,0
20260222_pre|cam.14.00005-2026-02-16T15|m0-m1|73778,aggression,1
20260222_pre|cam.14.00005-2026-02-16T15|m0-m1|87327,aggression,1
20260222_pre|cam.14.00005-2026-02-16T15|m1-m2|63674,tail_bite,0
20260222_pre|cam.14.00006-2026-02-16T15|m0-m1|81505,aggression,1
20260222_pre|cam.14.00006-2026-02-16T15|m0-m1|4804,aggression,1
20260222_pre|cam.14.00006-2026-02-16T15|m1-m2|32943,,0
20260222_pre|cam.14.00007-2026-02-16T15|m0-m2|18426,aggression,1
20260222_pre|cam.14.00007-2026-02-16T15|m0-m1|36935,,0
20260222_pre|cam.14.00008-2026-02-16T15|m0-m1|70440,aggression,1
20260222_pre|cam.14.00008-2026-02-16T15|m0-m2|38969,mlp_fp,0
20260222_pre|cam.14.00009-2026-02-16T15|m0-m2|10563,aggression,1
20260222_pre|cam.14.00037-2026-02-16T15|m0-m2|58341,grooming,0
20260222_pre|cam.14.00039-2026-02-16T15|m0-m2|33983,mlp_fp,0
20260222_pre|cam.14.00040-2026-02-16T15|m0-m1|14465,aggression,1
20260222_pre|cam.14.00041-2026-02-16T15|m0-m2|50398,mlp_fp,0
20260222_pre|cam.14.00041-2026-02-16T15|m0-m2|20923,grooming,0
20260222_pre|cam.14.00042-2026-02-16T15|m0-m1|79844,aggression,1
20260222_pre|cam.14.00042-2026-02-16T15|m0-m2|36674,bystander_ledge,0
20260222_pre|cam.14.00042-2026-02-16T15|m0-m2|10493,side_kissing,0
20260222_pre|cam.14.00042-2026-02-16T15|m1-m2|23869,,0
20260222_pre|cam.14.00044-2026-02-16T15|m0-m2|36434,side_kissing,0
20260222_pre|cam.14.00044-2026-02-16T15|m0-m2|87602,tail_bite,0
20260222_pre|cam.14.00046-2026-02-16T15|m1-m2|35167,grooming,0
20260222_pre|cam.14.00047-2026-02-16T15|m0-m1|44891,mlp_fp,0
20260222_pre|cam.14.00048-2026-02-16T15|m0-m2|29581,aggression,1
20260222_pre|cam.14.00048-2026-02-16T15|m0-m1|890,aggression,1
20260222_pre|cam.14.00055-2026-02-16T15|m1-m2|55876,aggression,1
20260222_pre|cam.14.00056-2026-02-16T15|m0-m2|41954,aggression,1
20260222_pre|cam.14.00056-2026-02-16T15|m0-m1|70684,aggression,1
20260222_pre|cam.14.00056-2026-02-16T15|m1-m2|3649,mlp_fp,0
20260222_pre|cam.14.00056-2026-02-16T15|m0-m2|18431,bystander_ledge,0
20260222_pre|cam.14.00057-2026-02-16T15|m0-m1|49818,aggression,1
20260222_pre|cam.14.00057-2026-02-16T15|m1-m2|72792,aggression,1
20260222_pre|cam.14.00085-2026-02-16T15|m0-m1|61751,,0
20260222_pre|cam.14.00088-2026-02-16T15|m1-m2|17246,mlp_fp,0
20260222_pre|cam.14.00089-2026-02-16T15|m1-m2|74348,,0
20260222_pre|cam.14.00089-2026-02-16T15|m0-m1|83897,,0
20260222_pre|cam.14.00091-2026-02-16T15|m0-m2|25293,aggression,1
20260222_pre|cam.14.00091-2026-02-16T15|m0-m1|24505,mlp_fp,0
20260222_pre|cam.14.00092-2026-02-16T15|m0-m2|61835,aggression,1
20260222_pre|cam.14.00092-2026-02-16T15|m1-m2|65247,aggression,1
20260222_pre|cam.14.00092-2026-02-16T15|m0-m1|81964,aggression,1
20260222_pre|cam.14.00092-2026-02-16T15|m0-m1|82965,mlp_fp,0
20260222_pre|cam.14.00092-2026-02-16T15|m1-m2|85054,,0
20260222_pre|cam.14.00093-2026-02-16T15|m0-m2|82610,,0
20260222_pre|cam.14.00094-2026-02-16T15|m0-m1|64822,mlp_fp,0
20260222_pre|cam.14.00095-2026-02-16T15|m0-m1|67181,mlp_fp,0
20260222_pre|cam.14.00095-2026-02-16T15|m1-m2|70763,side_kissing,0
20260222_pre|cam.14.00095-2026-02-16T15|m0-m1|44029,,0
20260222_pre|cam.14.00097-2026-02-16T15|m0-m2|19801,aggression,1
20260222_pre|cam.14.00098-2026-02-16T15|m0-m2|4880,,0
20260222_pre|cam.14.00099-2026-02-16T15|m1-m2|20865,mlp_fp,0
20260222_pre|cam.14.00103-2026-02-16T15|m0-m1|60882,aggression,1
20260222_pre|cam.14.00103-2026-02-16T15|m1-m2|35482,aggression,1
20260222_pre|cam.14.00104-2026-02-16T15|m0-m1|15709,,0
20260222_pre|cam.14.00104-2026-02-16T15|m0-m2|27451,,0
20260222_pre|cam.14.00105-2026-02-16T15|m0-m1|34399,aggression,1
20260222_pre|cam.14.00105-2026-02-16T15|m0-m1|11657,aggression,1
20260222_pre|cam.14.00106-2026-02-16T15|m0-m2|12291,,0
20260222_pre|cam.14.00139-2026-02-16T15|m1-m2|24773,,0
20260222_pre|cam.14.00140-2026-02-16T15|m1-m2|9958,mlp_fp,0
20260222_pre|cam.14.00140-2026-02-16T15|m0-m2|11664,mlp_fp,0
20260222_pre|cam.14.00143-2026-02-16T15|m1-m2|30458,,0
20260222_pre|cam.14.00144-2026-02-16T15|m0-m1|81778,,0
20260222_pre|cam.14.00144-2026-02-16T15|m0-m2|80003,,0
20260222_pre|cam.14.00148-2026-02-16T15|m1-m2|86194,,0
20260222_pre|cam.14.00149-2026-02-16T15|m1-m2|69469,aggression,1
20260222_pre|cam.14.00150-2026-02-16T15|m1-m2|69335,aggression,1
20260222_pre|cam.14.00152-2026-02-16T15|m1-m2|18126,,0
20260222_pre|cam.14.00153-2026-02-16T15|m0-m2|42840,,0
20260222_pre|cam.14.00186-2026-02-16T15|m1-m2|5223,aggression,1
20260222_pre|cam.14.00187-2026-02-16T15|m1-m2|47249,aggression,1
20260222_pre|cam.14.00189-2026-02-16T15|m0-m2|89814,aggression,1
20260222_pre|cam.14.00191-2026-02-16T15|m0-m2|25955,aggression,1
20260222_pre|cam.14.00191-2026-02-16T15|m0-m2|22742,aggression,1
20260222_pre|cam.14.00191-2026-02-16T15|m0-m2|84507,aggression,1
20260222_pre|cam.14.00191-2026-02-16T15|m1-m2|72867,grooming,0
20260222_pre|cam.14.00191-2026-02-16T15|m0-m1|30451,grooming,0
20260222_pre|cam.14.00193-2026-02-16T15|m0-m1|40289,aggression,1
20260222_pre|cam.14.00193-2026-02-16T15|m1-m2|33230,aggression,1
20260222_pre|cam.14.00193-2026-02-16T15|m0-m1|39001,grooming,0
20260222_pre|cam.14.00193-2026-02-16T15|m0-m2|6965,anogenital,0
20260222_pre|cam.14.00194-2026-02-16T15|m1-m2|40166,tail_bite,0
20260222_pre|cam.14.00198-2026-02-16T15|m0-m2|56848,bystander_ledge,0
20260222_pre|cam.14.00199-2026-02-16T15|m0-m2|77542,mlp_fp,0
20260222_pre|cam.14.00201-2026-02-16T15|m0-m1|58525,aggression,1
20260222_pre|cam.14.00201-2026-02-16T15|m1-m2|69630,aggression,1
20260222_pre|cam.14.00201-2026-02-16T15|m0-m2|58555,aggression,1
20260222_pre|cam.14.00228-2026-02-16T15|m1-m2|51723,,0
20260222_pre|cam.14.00235-2026-02-16T15|m0-m1|63357,mlp_fp,0
20260222_pre|cam.14.00236-2026-02-16T15|m0-m2|75652,aggression,1
20260222_pre|cam.14.00237-2026-02-16T15|m0-m1|42949,,0
20260222_pre|cam.14.00238-2026-02-16T15|m1-m2|3959,aggression,1
20260222_pre|cam.14.00238-2026-02-16T15|m1-m2|18206,aggression,1
20260222_pre|cam.14.00238-2026-02-16T15|m0-m2|18419,mlp_fp,0
20260222_pre|cam.14.00238-2026-02-16T15|m1-m2|30728,,0
20260222_pre|cam.14.00240-2026-02-16T15|m0-m1|50525,aggression,1
20260222_pre|cam.14.00240-2026-02-16T15|m0-m2|50923,mlp_fp,0
20260222_pre|cam.14.00241-2026-02-16T15|m0-m1|10840,aggression,1
20260222_pre|cam.14.00241-2026-02-16T15|m1-m2|45793,grooming,0
20260222_pre|cam.14.00241-2026-02-16T15|m1-m2|28694,bystander_ledge,0
20260222_pre|cam.14.00243-2026-02-16T15|m0-m2|63443,aggression,1
20260222_pre|cam.14.00247-2026-02-16T15|m0-m2|9771,aggression,1
20260222_pre|cam.14.00247-2026-02-16T15|m1-m2|47564,aggression,1
20260222_pre|cam.14.00247-2026-02-16T15|m0-m2|15898,aggression,1
20260222_pre|cam.14.00247-2026-02-16T15|m1-m2|60468,aggression,1
20260222_pre|cam.14.00248-2026-02-16T15|m1-m2|14590,,0
20260222_pre|cam.14.00249-2026-02-16T15|m0-m1|62911,mlp_fp,0
20260222_pre|cam.14.00250-2026-02-16T15|m1-m2|9727,bystander_ledge,0
20260222_pre|cam.14.00283-2026-02-16T15|m0-m2|52007,aggression,1
20260222_pre|cam.14.00284-2026-02-16T15|m0-m2|41882,aggression,1
20260222_pre|cam.14.00284-2026-02-16T15|m0-m2|21825,,0
20260222_pre|cam.14.00285-2026-02-16T15|m0-m1|5640,mlp_fp,0
20260222_pre|cam.15.00002-2026-02-16T15|m1-m2|22460,mlp_fp,0
20260222_pre|cam.15.00002-2026-02-16T15|m0-m1|29729,,0
20260222_pre|cam.15.00008-2026-02-16T15|m0-m1|32787,aggression,1
20260222_pre|cam.15.00009-2026-02-16T15|m0-m1|44557,mlp_fp,0
20260222_pre|cam.15.00040-2026-02-16T15|m0-m1|242,mlp_fp,0
20260222_pre|cam.15.00040-2026-02-16T15|m1-m2|59351,bystander_ledge,0
20260222_pre|cam.15.00041-2026-02-16T15|m0-m2|452,aggression,1
20260222_pre|cam.15.00041-2026-02-16T15|m0-m2|594,aggression,1
20260222_pre|cam.15.00044-2026-02-16T15|m1-m2|13422,double_ledge,0
20260222_pre|cam.15.00044-2026-02-16T15|m0-m2|18138,,0
20260222_pre|cam.15.00045-2026-02-16T15|m0-m2|52441,,0
20260222_pre|cam.15.00047-2026-02-16T15|m0-m2|64097,aggression,1
20260222_pre|cam.15.00047-2026-02-16T15|m0-m2|53936,,0
20260222_pre|cam.15.00048-2026-02-16T15|m1-m2|514,mlp_fp,0
20260222_pre|cam.15.00050-2026-02-16T15|m0-m2|33783,,0
20260222_pre|cam.15.00051-2026-02-16T15|m1-m2|62243,,0
20260222_pre|cam.15.00053-2026-02-16T15|m0-m1|11260,anogenital,0
20260222_pre|cam.15.00056-2026-02-16T15|m1-m2|84596,aggression,1
20260222_pre|cam.15.00056-2026-02-16T15|m0-m1|83311,mlp_fp,0
20260222_pre|cam.15.00056-2026-02-16T15|m1-m2|89246,,0
20260222_pre|cam.15.00056-2026-02-16T15|m0-m2|86400,,0
20260222_pre|cam.15.00057-2026-02-16T15|m0-m1|55735,aggression,1
20260222_pre|cam.15.00058-2026-02-16T15|m1-m2|19486,,0
20260222_pre|cam.15.00058-2026-02-16T15|m1-m2|13261,,0
20260222_pre|cam.15.00088-2026-02-16T15|m0-m2|1079,,0
20260222_pre|cam.15.00089-2026-02-16T15|m1-m2|62804,aggression,1
20260222_pre|cam.15.00089-2026-02-16T15|m0-m1|62809,aggression,1
20260222_pre|cam.15.00090-2026-02-16T15|m1-m2|66512,side_kissing,0
20260222_pre|cam.15.00091-2026-02-16T15|m0-m2|73845,bystander_ledge,0
20260222_pre|cam.15.00092-2026-02-16T15|m1-m2|37745,aggression,1
20260222_pre|cam.15.00092-2026-02-16T15|m0-m2|21920,,0
20260222_pre|cam.15.00093-2026-02-16T15|m0-m2|21694,bystander_ledge,0
20260222_pre|cam.15.00094-2026-02-16T15|m1-m2|44035,,0
20260222_pre|cam.15.00095-2026-02-16T15|m1-m2|12625,aggression,1
20260222_pre|cam.15.00097-2026-02-16T15|m0-m2|39463,aggression,1
20260222_pre|cam.15.00099-2026-02-16T15|m1-m2|17758,mlp_fp,0
20260222_pre|cam.15.00101-2026-02-16T15|m0-m1|75819,,0
20260222_pre|cam.15.00103-2026-02-16T15|m1-m2|32271,anogenital,0
20260222_pre|cam.15.00105-2026-02-16T15|m0-m2|14455,bystander_ledge,0
20260222_pre|cam.15.00105-2026-02-16T15|m1-m2|79589,double_ledge,0
20260222_pre|cam.15.00106-2026-02-16T15|m1-m2|9013,mlp_fp,0
20260222_pre|cam.15.00131-2026-02-16T15|m1-m2|22952,,0
20260222_pre|cam.15.00144-2026-02-16T15|m0-m2|38187,mlp_fp,0
20260222_pre|cam.15.00145-2026-02-16T15|m1-m2|1003,aggression,1
20260222_pre|cam.15.00145-2026-02-16T15|m0-m2|41380,double_ledge,0
20260222_pre|cam.15.00146-2026-02-16T15|m1-m2|79593,aggression,1
20260222_pre|cam.15.00147-2026-02-16T15|m1-m2|21417,double_ledge,0
20260222_pre|cam.15.00147-2026-02-16T15|m1-m2|20022,bystander_ledge,0
20260222_pre|cam.15.00148-2026-02-16T15|m0-m1|57858,,0
20260222_pre|cam.15.00149-2026-02-16T15|m0-m2|34949,mlp_fp,0
20260222_pre|cam.15.00149-2026-02-16T15|m1-m2|41158,anogenital,0
20260222_pre|cam.15.00153-2026-02-16T15|m0-m1|65756,aggression,1
20260222_pre|cam.15.00153-2026-02-16T15|m0-m1|56752,aggression,1
20260222_pre|cam.15.00180-2026-02-16T15|m0-m1|18153,mlp_fp,0
20260222_pre|cam.15.00185-2026-02-16T15|m0-m2|75213,,0
20260222_pre|cam.15.00190-2026-02-16T15|m0-m2|47417,double_ledge,0
20260222_pre|cam.15.00192-2026-02-16T15|m0-m1|7484,aggression,1
20260222_pre|cam.15.00192-2026-02-16T15|m1-m2|26644,mlp_fp,0
20260222_pre|cam.15.00194-2026-02-16T15|m0-m2|5412,aggression,1
20260222_pre|cam.15.00195-2026-02-16T15|m1-m2|4073,,0
20260222_pre|cam.15.00196-2026-02-16T15|m0-m1|70755,mlp_fp,0
20260222_pre|cam.15.00196-2026-02-16T15|m1-m2|86141,side_kissing,0
20260222_pre|cam.15.00198-2026-02-16T15|m0-m1|45921,mlp_fp,0
20260222_pre|cam.15.00201-2026-02-16T15|m0-m2|30911,aggression,1
20260222_pre|cam.15.00201-2026-02-16T15|m0-m1|22614,bystander_ledge,0
20260222_pre|cam.15.00235-2026-02-16T15|m1-m2|85963,,0
20260222_pre|cam.15.00236-2026-02-16T15|m0-m2|53856,grooming,0
20260222_pre|cam.15.00237-2026-02-16T15|m1-m2|52984,aggression,1
20260222_pre|cam.15.00237-2026-02-16T15|m1-m2|83883,,0
20260222_pre|cam.15.00240-2026-02-16T15|m0-m2|84456,grooming,0
20260222_pre|cam.15.00240-2026-02-16T15|m1-m2|2946,grooming,0
20260222_pre|cam.15.00240-2026-02-16T15|m0-m2|42717,,0
20260222_pre|cam.15.00241-2026-02-16T15|m0-m1|42120,aggression,1
20260222_pre|cam.15.00241-2026-02-16T15|m0-m2|50685,mlp_fp,0
20260222_pre|cam.15.00241-2026-02-16T15|m0-m2|18546,,0
20260222_pre|cam.15.00245-2026-02-16T15|m1-m2|70977,bystander_ledge,0
20260222_pre|cam.15.00248-2026-02-16T15|m0-m2|89451,,0
20260222_pre|cam.15.00249-2026-02-16T15|m1-m2|22314,mlp_fp,0
20260222_pre|cam.15.00249-2026-02-16T15|m0-m2|22343,,0
20260222_pre|cam.15.00274-2026-02-16T15|m0-m2|23999,mlp_fp,0
20260222_pre|cam.15.00282-2026-02-16T15|m1-m2|70534,side_kissing,0
20260222_pre|cam.15.00283-2026-02-16T15|m0-m1|64650,,0
